"conversation_id_str","created_at","favorite_count","full_text","id_str","image_url","in_reply_to_screen_name","lang","location","quote_count","reply_count","retweet_count","tweet_url","user_id_str","username"
"1778729903955075442","Fri Apr 12 10:20:30 +0000 2024","52560","ikan ikan knp mukanya pada bego bego bgt deh kalau dipoto https://t.co/oXPnVuY7Be","1778729903955075442","https://pbs.twimg.com/media/GK9RajzbMAAsha1.jpg","","in","sh(i)e-h(i)er üòé","1974","1064","7870","https://x.com/jowoblondie/status/1778729903955075442","1394228973496795141","jowoblondie"
"1804113179385172098","Fri Jun 21 11:24:35 +0000 2024","3","di wa baik kak oke kak siap kak in real life KONTOOLL LU KAYA KONTOL ANJG COMPANY LU GA BECUS BEGO PEPEEK","1804113179385172098","","","in","","0","1","0","https://x.com/whooooooooooru/status/1804113179385172098","1217519794716434432","whooooooooooru"
"1779108532715175966","Sat Apr 13 11:25:03 +0000 2024","9925","pura pura bego padahal tau semuanya itu seru banget ya.","1779108532715175966","","","in","raden.","279","272","2894","https://x.com/velouxs/status/1779108532715175966","1523582050502332416","velouxs"
"1745044166395203657","Wed Jan 10 11:25:25 +0000 2024","8435","kadang kita perlu pura-pura ga tau biar dikira bego padahal tau semuanya","1745044166395203657","","","in","","146","204","2937","https://x.com/traptizedd/status/1745044166395203657","1542802092532051968","traptizedd"
"1804140273901203553","Fri Jun 21 13:12:15 +0000 2024","6","ternyata selama ini bukan org nya yg jahat emng gue aja yg bego","1804140273901203553","","","in","","0","0","0","https://x.com/fvkinlie/status/1804140273901203553","1717225241074978816","fvkinlie"
"1742936819514401060","Thu Jan 04 15:51:34 +0000 2024","55311"," kalian ada ga si yg kek nanggung gitu? pinter ga bego jg ga. rajin ga males jg ga. dibilang gabisa apa2 ya engga tapi kalo ditanya bakatnya apa gaada ","1742936819514401060","","","in","","2875","2160","10759","https://x.com/convomf/status/1742936819514401060","1314975287294083073","convomf"
"1804068191611818240","Fri Jun 21 08:25:49 +0000 2024","7","freak banget fans si rekan kerja satu ini. kalo mau protes ya protes ke agensi ajalah tolol ngapain bawa bawa rumor yg udah di konfirmasi ga bener. bego bgt lu kalo punya otak minimal dipake ya","1804068191611818240","","","in","","0","1","1","https://x.com/blossomiechan/status/1804068191611818240","1427347022","blossomiechan"
"1748665941485883503","Sat Jan 20 11:17:03 +0000 2024","6958","ga dihargain kok nangis cabutlah bego yang mau sama lo banyak","1748665941485883503","","","in","him","266","247","1790","https://x.com/anggarasamvdr/status/1748665941485883503","1500066392145801218","anggarasamvdr"
"1773677664139673872","Fri Mar 29 11:44:43 +0000 2024","11188","dia punya pilihan selain lo dan lo gk ada pilihan selain dia wkwkw masa lo gk ketawa si bego","1773677664139673872","","","in","jekardah","658","427","3155","https://x.com/iladasilfar/status/1773677664139673872","1263877247548583937","iladasilfar"
"1804134433425150357","Fri Jun 21 12:49:02 +0000 2024","3","makanya belajar bego!","1804134433425150357","","","in","Surakarta, Jawa Tengah","0","4","0","https://x.com/akhtarrkhann/status/1804134433425150357","1067555800061628416","akhtarrkhann"
"1720041494894231759","Thu Nov 02 11:33:43 +0000 2023","5531"," org hts tuh bego apa gmn dah","1720041494894231759","","","in","","1634","2062","860","https://x.com/convomf/status/1720041494894231759","1314975287294083073","convomf"
"1803652637621194993","Thu Jun 20 04:54:33 +0000 2024","3","Ini aku yang bego... apa emang materinya yang susah... atau dua duanya tidak ada yang tahu :))) https://t.co/SQvcfRAgQ3","1803652637621194993","https://pbs.twimg.com/media/GQfcg-7bUAANsR3.jpg","","in","","0","0","0","https://x.com/Ron___wease/status/1803652637621194993","1397560182348017669","Ron___wease"
"1758452447872479650","Fri Feb 16 11:25:08 +0000 2024","6810","foolish one : stop ngeroasting percintaan temanmu inget kalian sama sama bego kalau udah cinta sama orang.","1758452447872479650","","","in","raden.","350","467","1655","https://x.com/velouxs/status/1758452447872479650","1523582050502332416","velouxs"
"1803186922833191342","Tue Jun 18 22:03:58 +0000 2024","18","Dari semua komen kenapa komen ini terlalu tolol? Pliss lah kalau gatau letak kecewa nya dimana tu diem aja. lu cek dulu akun gue isinya apa pernah ngetweet apa biar ga keliatan begonya gini ngatain org bego sendiri nya juga bego bego + sok tau. Tolol.","1803186922833191342","","","in","Balikpapan, Kalimantan Timur","0","2","4","https://x.com/innekeayu5/status/1803186922833191342","1480434977191858180","innekeayu5"
"1804006932015124843","Fri Jun 21 04:22:24 +0000 2024","3","Ini kucing kenapa bego bangettt Kemarin pup ditidurin sekarang masuk got https://t.co/2vC3NDegxf","1804006932015124843","https://pbs.twimg.com/media/GQkevmrakAIyDkw.jpg","","in","","0","0","0","https://x.com/whyebbi/status/1804006932015124843","1685984848090214401","whyebbi"
"1803798085300322448","Thu Jun 20 14:32:31 +0000 2024","4","mukanya cengo bego gt https://t.co/uUb0wE9IT9","1803798085300322448","https://pbs.twimg.com/media/GQhgy6tboAAzM8w.jpg","","in","","0","1","0","https://x.com/joymarito/status/1803798085300322448","1616685378597195777","joymarito"
"1804138608678285785","Fri Jun 21 13:05:38 +0000 2024","0","pura2 bego di dpn org yg bohongin kita itu seru juga haha. tinggal liat aja smpe sejauh mana mau lanjut bohongnya","1804138608678285785","","","in","","1","5","0","https://x.com/bsxtxdrk/status/1804138608678285785","785251303597289473","bsxtxdrk"
"1723289879457718604","Sat Nov 11 10:41:39 +0000 2023","3923","Eh Buzzer Dongo. Kalau mata lu ga katarak otak lu ga bego alias Otak Dikit. Pasti bisa membedakan mana yg lebih baik. Sebelum di ganti dan setelah diganti. Ini akibat kelakuannya siapa ya???? https://t.co/NsyF18hmmg","1723289879457718604","https://pbs.twimg.com/media/F-pbAUgbAAAwLAu.jpg","","in","","94","681","1244","https://x.com/GeiszChalifah/status/1723289879457718604","1297510664148103168","GeiszChalifah"
"1804155707073401200","Fri Jun 21 14:13:34 +0000 2024","13","gua tau lo ganteng TAPI BISA GA GAUSA PAKE ATRIBUT SEKOLAH? BEGO BGT SI JINGAN BABI ANJING BRENGSEK PEREK SIALAN JANCOK https://t.co/2fU6L2EHwJ","1804155707073401200","https://pbs.twimg.com/media/GQmmDe7akAMIYrZ.jpg","","in","Myself","0","6","0","https://x.com/c4vwasnxde/status/1804155707073401200","1449793977750675460","c4vwasnxde"
"1804103547212173794","Fri Jun 21 10:46:18 +0000 2024","2","Hahaha iya gue emang bego makasih ya udah biarin gue hidup walau ga pernah bener hidupnya di hidup anda. Gue nggak sedih kok air matanya jatuh tiba-tiba gatau kenapa padahal sakit hati juga kaga.","1804103547212173794","","","in","Rotterdam, The Netherlands","0","1","0","https://x.com/lineyourbabe/status/1804103547212173794","1785197238383521792","lineyourbabe"
"1804157381062070790","Fri Jun 21 14:20:13 +0000 2024","3","Another kebodohan Bukannya lip serum gw malah pake retinol ke bibir karena sama2 kuning gw jd salah pakee yaa gw main ambil jg sih ga liat dulu. Mana gw sempet bingung knape kagak berminyak sampe gw tambah2in lagi bego bgtt https://t.co/xLVGRdhwoU","1804157381062070790","https://pbs.twimg.com/media/GQmnkWgbQAAwBD-.jpg","","in","","0","1","0","https://x.com/iniiakuel/status/1804157381062070790","1638084140229861376","iniiakuel"
"1804122214046011681","Fri Jun 21 12:00:29 +0000 2024","12","kamu kok chat dia lagi? kan bukan siapa¬≤ nya dia sadar bego","1804122214046011681","","","in","warung seblak ","0","49","0","https://x.com/_Naufalprasetyo/status/1804122214046011681","1269951040780025857","_Naufalprasetyo"
"1781199994374234393","Fri Apr 19 05:55:46 +0000 2024","5946","hidup gue sepi untung gue berani keluar sendiri kek orang bego sambil bengong ngeliatin org lain yg lagi seru sama temen pasangan dan keluarganya.","1781199994374234393","","","in","Jawa Timur, Indonesia","133","228","2185","https://x.com/ahcegil/status/1781199994374234393","1395612149263732737","ahcegil"
"1796482051971207465","Fri May 31 10:01:12 +0000 2024","11807","Kalian ada ngga si yang hidupnya kayak nanggung gitu? Cakep engga jelek juga engga. Pinter engga bego juga engga. Rajin engga males juga engga. Dibilang ga bisa apa-apa engga juga. Tapi kalo ditanya bakatnya apa bingung jawabnya ","1796482051971207465","","","in","","526","521","3280","https://x.com/PikamonID/status/1796482051971207465","1192761337","PikamonID"
"1803976666454331536","Fri Jun 21 02:22:08 +0000 2024","9","laper kenyang bego https://t.co/SKG89THwip","1803976666454331536","https://pbs.twimg.com/media/GQkDNTdaEAABtKn.jpg","","in","sg","0","0","0","https://x.com/kobokancao/status/1803976666454331536","2262226213","kobokancao"
"1767780616102383647","Wed Mar 13 05:11:57 +0000 2024","34350","kucing putih = bego kucing oren = barbar kucing putih oren = stress https://t.co/HnV1bb4JDV","1767780616102383647","https://pbs.twimg.com/amplify_video_thumb/1767780545709412352/img/O95Lkzw5pDPZrkzW.jpg","","in","Jakarta","760","440","8975","https://x.com/Darryl_Wezy/status/1767780616102383647","112203838","Darryl_Wezy"
"1804083129143169361","Fri Jun 21 09:25:10 +0000 2024","0","lo bego apa tolol sih artis berprestasi kek gini ngga lu sayang-sayang ngga lu urus ngga lu bantu buat manganin masalah ini PROTECT RENJUN FROM SASAENGS #JusticeForRenjun @SMTOWNGLOBAL","1804083129143169361","","","in","RJ phobic DNI !!! || 03L","0","6","1","https://x.com/cutieeinjunn/status/1804083129143169361","1288134639018627072","cutieeinjunn"
"1804077891917099508","Fri Jun 21 09:04:22 +0000 2024","325","Bukannya fokus naikin ht malah ngetik kayak gitu. Bego banget","1804077891917099508","","","in","","1","32","34","https://x.com/AphrodiXiecal/status/1804077891917099508","1601190266659930112","AphrodiXiecal"
"1803318073518076337","Wed Jun 19 06:45:07 +0000 2024","4","percakapan org eling (gue) dan orang ga eling (kaka gue) perkara tol untung kaga kegocek ikutan bego gue kaya dia. https://t.co/l6NIO69iTx","1803318073518076337","https://pbs.twimg.com/media/GQasOtiaAAAobs0.jpg","","in","darl yuk confess ke gua, xixi","0","1","0","https://x.com/Choocupcake/status/1803318073518076337","1568645015282524161","Choocupcake"
"1804147791343624296","Fri Jun 21 13:42:07 +0000 2024","2","BESOK!! gaada acara malas malasan lagi buat belajar toefl anying. Udh bego bhs inggris malah ga belajar ya tambah bego","1804147791343624296","","","in","","0","2","0","https://x.com/nyomennku/status/1804147791343624296","1565640854093500416","nyomennku"
"1804143114753577314","Fri Jun 21 13:23:32 +0000 2024","1615","Part 2 #sukufushi CW / vulgar words size difference piss kink choking overstimulation mild feminization Memi diewe sampe bego Sukuna kira Megumi pasti marah. Dia udah siap dimaki dikatain sagapung. Masa nggak bisa nahan diri padahal pacarnya lagi tidur? Oh tapi?","1804143114753577314","","","in","ic: @dekazeze","9","1","250","https://x.com/armsukuna/status/1804143114753577314","1684451310073159680","armsukuna"
"1804085991986319454","Fri Jun 21 09:36:33 +0000 2024","5","bukanya fokus naikin ht buat fave nya malah ngetik ky gitu bego bgt heran gw otaknya dimana? lu klo mau marah2 jg ke agensi ny bukan malah lu bawa member lain babi udh jelas2 juga beritanya ga bener goblok kok dipelihara?? fokus aj sm masalah yg ada setannnn apa susahny","1804085991986319454","","","in","","0","0","0","https://x.com/moliwhoops/status/1804085991986319454","1640260145744871425","moliwhoops"
"1804068409728258303","Fri Jun 21 08:26:41 +0000 2024","254","pada akhirnya semua akan Idih bego banget sih gw dulu nangisin orang kaya dia .","1804068409728258303","","","in","atas genteng","8","146","25","https://x.com/calonsuspend_/status/1804068409728258303","2507057070","calonsuspend_"
"1804129869951045796","Fri Jun 21 12:30:54 +0000 2024","2","setelah gue liat beberapa komen knetz di postingan renjun mereka kek sama aja anjg sama si pink mereka tuh bego apa gimana sih?! masa iya privasi sasaeng lebih penting daripada privasi artis terus artis nya yg disalahin?! itu otak nya pada kemana sih anj kocak tolol shit","1804129869951045796","","","in","24/7 onyourm__ark‚ú©","0","0","1","https://x.com/onyourluvvv/status/1804129869951045796","1274306056244490240","onyourluvvv"
"1804159409674948900","Fri Jun 21 14:28:17 +0000 2024","5","kenyang bego sampe kudu muntah definisi klo yg berlebihan itu emg gabaik","1804159409674948900","","","in","Surabaya, Indonesia ","0","0","0","https://x.com/iloustyy/status/1804159409674948900","3823070472","iloustyy"
"1804062866624122926","Fri Jun 21 11:33:04 +0000 2024","3","@KompasTV emang beda. cuma orang bego mau pasangan sama loe ","1804115313505767842","","KompasTV","in","","0","0","0","https://x.com/JBjamesbond07/status/1804115313505767842","1759273445500850176","JBjamesbond07"
"1803557704591614389","Wed Jun 19 22:37:51 +0000 2024","113","Phum: lah kok nanya mulu sih? gw begini kan buat lo. kalo ga bego mungkin udah ngerti walaupun sarkas tp Peem ga takut karena dia lebih takut sama perasaannya sendiri. Peem takut ga pantes takut kebaikan Phum cuman sementara aja PondPhuwin WeAre EP12 #WeAreSeriesEP12 https://t.co/3g9jWiTZqx","1803557836494110853","https://pbs.twimg.com/ext_tw_video_thumb/1803557806517395458/pu/img/ijDKuA5Q91FI2GDn.jpg","comismoon","in","she/her ","5","1","32","https://x.com/comismoon/status/1803557836494110853","2799124434","comismoon"
"1749072375499649211","Sun Jan 21 14:12:05 +0000 2024","23910","Gibran menutupi ketidakmampuannya memahami persoalan dengan berbagai serangan personal ke Cak Imin dan Mahfud MD. Bahkan sampai gimmick ga perlu nyari2 kek orang bego. Redistribusi lahan ga paham reforma agraria ga paham pembangunan dari bawah ga paham bioregion ga paham apa","1749072375499649211","","","in","Yogyakarta, Indonesia","200","446","6322","https://x.com/jilulisme/status/1749072375499649211","223086304","jilulisme"
"1803587845896151206","Thu Jun 20 00:37:06 +0000 2024","7","5 bulan kamu udh g di jkt udh g perform lagi aku g bisa liat kamu berdiri diatas panggung theater lagi jujur aku kangen kamu kak walaupun sekarang banyak kebohongan kamu yg terungkap tapi aku tetap dukung kamu agak bego tapi yaudah lah.I'm still here for you @yessicatmra https://t.co/hK5b2vX8gq","1803587845896151206","https://pbs.twimg.com/media/GQehlg8aIAQQaYp.jpg","","in","","0","0","3","https://x.com/apaajalaho/status/1803587845896151206","1788362679998132224","apaajalaho"
"1804300945846837639","Fri Jun 21 23:50:42 +0000 2024","5","bkn sekedar sofanya bego angel pengambilan gambarnya itu lo org sekali liat jg bakalan ngerasa mirip","1804300945846837639","","","in","far far away","1","5","0","https://x.com/tyuniepatootie/status/1804300945846837639","1552971214062112768","tyuniepatootie"
"1802828681896964449","Thu Jun 20 15:50:08 +0000 2024","2","@gedhanggg @21_mozza Bego sih lu @21_mozza https://t.co/5rY9AOS5VY","1803817620837224596","https://pbs.twimg.com/media/GQhykRya8AA3WE-.jpg","gedhanggg","in","Indonesia","0","0","2","https://x.com/Memorysonk2024/status/1803817620837224596","1745954933638311936","Memorysonk2024"
"1804111566767550634","Fri Jun 21 11:18:10 +0000 2024","14126","Pernah ngga lu pura-pura bego di depan orang yang sok tau","1804111566767550634","","","in","","1009","1881","2351","https://x.com/andihiyat/status/1804111566767550634","886934161","andihiyat"
"1720045755560595878","Thu Nov 02 11:50:39 +0000 2023","2700","Kenapa sih kalo awal2 dapet kerja yg bener tuh sebagian besar dari kita bego manage keuangannya Kayak...dulu gaji projekan 2 5 jt tuh bisa lho hidup . Pas dapet gaji jadi 5 jt tuh 2 tahun kerja baru nyadar loh kok ga punya tabungan 2 5 jt nya kemarin2 kemana aja yak ","1720045755560595878","","","in","Indonesia","217","218","718","https://x.com/ezash/status/1720045755560595878","105080250","ezash"
"1803815580404744420","Thu Jun 20 15:42:02 +0000 2024","1","kok ada ya orang di kasih tau malah makin getol bilang nya gw tau mana yang harus di hargain mana yang engga padahal di kasih tau biar koreksi diri sendiri tapi malah gitu ga lagi lagi gw kasih saran ke orang bego","1803815580404744420","","","in","","1","1","1","https://x.com/nutsnicoo/status/1803815580404744420","1510146005357846530","nutsnicoo"
"1803338355318677980","Wed Jun 19 08:05:48 +0000 2024","152"," Song Yiheon ; lebih tua 1 tahun tapi maunya dipanggil kakak sama pacar berondongnya selain suka gym &amp; masak yiheon juga suka nampolin orang (terutama inisial jaemin) gak peka kalo pacarnya cemburuan polos nyerempet bego dikit capek lari dari mantannya yg belum move on itu. https://t.co/PKPfDyajTd","1803338379498758279","https://pbs.twimg.com/media/GQa-ssCaIAYS1eA.jpg","fibuula","in"," //sudah legal.","0","1","0","https://x.com/fibuula/status/1803338379498758279","1259183568","fibuula"
"1804114639527252217","Fri Jun 21 11:30:23 +0000 2024","5","SM SAMA KFANS SAMA AJA BEGO NYAA","1804114639527252217","","","in","","0","1","1","https://x.com/hapqines/status/1804114639527252217","1677199274134884353","hapqines"
"1803408166421668234","Wed Jun 19 12:43:07 +0000 2024","7","btw maaf kl pertanyaanku kek org bego tapi pls enlighten me kalau [nama seseorang] itu terletak tepat di kata pertama kan? baru [kata kedua] itu tuh nama marganya? like misalkan Haruka Sakura jadi harusnya nama dia tuh dipanggil Haruka dongg bukan Sakura ? :0 https://t.co/roiAdRGEYx","1803408166421668234","https://pbs.twimg.com/media/GQb-Klca4AAlyK_.jpg","","in","about me, archive, etc @rentry","0","8","1","https://x.com/kylietora/status/1803408166421668234","1091782204533817344","kylietora"
"1803783968485204398","Thu Jun 20 13:36:25 +0000 2024","10","anj klo gak lulus math kita bakal bengong kayak orang bego nunggu di luar nungguin yg lolos bisa join fiskimÔ∏è https://t.co/rh23TfFh26","1803783968485204398","https://pbs.twimg.com/media/GQhT9T1aIAAADsq.jpg","","in","gotham city","0","9","0","https://x.com/jacckhlms/status/1803783968485204398","1264448344958464002","jacckhlms"
"1751542960041468115","Sun Jan 28 09:49:18 +0000 2024","34893","Di acara keluarga: Aku coba mancing Gimana masih Prabowo? Sepupu yang dua pemilu sebelumnya fans berat Prabowo langsung kontan Gila gue kok dulu bisa bego banget dukung orang kayak gitu. Satu ruangan pecah ketawa.","1751542960041468115","","","in","Jakarta Selatan, DKI Jakarta","382","415","4447","https://x.com/denismalhotra/status/1751542960041468115","478829168","denismalhotra"
"1804134686157083109","Fri Jun 21 14:41:55 +0000 2024","3","@piyopikavet Kasusin aja. Ambil tu sampah dr mulut kuda nil trs masukin kemulut mereka trs suruh telen! Manusia bego bgt ish.","1804162839692873859","","piyopikavet","in","","0","0","1","https://x.com/_sylbc/status/1804162839692873859","1397759013756891136","_sylbc"
"1803308651756810432","Wed Jun 19 06:07:41 +0000 2024","2","ak tipe yang kalo udh ada masalah pasti nge freeze ga bisa lakuin apa apa kayak org bego","1803308651756810432","","","in","","0","0","0","https://x.com/camelliaspage/status/1803308651756810432","1684223764672974848","camelliaspage"
"1803393840654721387","Wed Jun 19 11:46:11 +0000 2024","1","Gabut dan bego beda tipis ya? Mba inul cpk bls nya‚Äç https://t.co/QRlC3JeJIr","1803393840654721387","https://pbs.twimg.com/media/GQbxIbdaUAA3_0K.jpg","","in","Kota Surabaya, Jawa Timur","0","7","0","https://x.com/Butterscothh__/status/1803393840654721387","336935868","Butterscothh__"
"1804295048546390426","Fri Jun 21 23:27:16 +0000 2024","5","ini belinya di twt terus tf aja gitu? kenapa gak COD inget ya guys beli barang second itu lebih baik COD atau paling mentok pake rekber/e-commerce kalo sellernya gakmau pake rekber jangan mau. please jangan bego demi barang murah mendingan harga waras tapi trusted sellernya","1804295048546390426","","","in","she/her","0","1","0","https://x.com/biwrru/status/1804295048546390426","1736247094942498816","biwrru"
"1804074958324392090","Fri Jun 21 08:52:42 +0000 2024","3","BEGO GA BAWA DOMPET BEGO BEGO BEGO BEGO","1804074958324392090","","","in","","0","0","0","https://x.com/ArdiansyahPrad8/status/1804074958324392090","1101899755322396676","ArdiansyahPrad8"
"1803779442898272397","Thu Jun 20 13:18:26 +0000 2024","2","Lah baru berasa? Atau baru ngeh? Atau pura pura bego? ","1803779442898272397","","","in","","0","0","0","https://x.com/Richfields_2/status/1803779442898272397","779961336780304384","Richfields_2"
"1786403869913989130","Fri Jun 21 13:15:34 +0000 2024","11","@riizeva7 DIH SI TOLOL TXT DARI JAMAN JEBOT GE UDAH ADA KONSEP PORTALNYA ANJENG KAU AJA YG KUDET PPK TERUS YG VAMPIRE ITU ENHA BANGKE BUKAN TXT BEGO PUNYA OTAK DIPAKE DIKIT LAH BANGSAT","1804141109914013832","","riizeva7","in","","0","1","1","https://x.com/eeeyyy123456789/status/1804141109914013832","1585205093313708032","eeeyyy123456789"
"1803697929989042518","Thu Jun 20 07:54:32 +0000 2024","2","ternyata selama ini gue bego bgt","1803697929989042518","","","in","198'24üêò","1","1","0","https://x.com/nandakrna/status/1803697929989042518","1671739223748276225","nandakrna"
"1804033373234696441","Fri Jun 21 06:07:28 +0000 2024","3","bego dah si momo gw masang underpad buat kitten malah dia cakar2 bangke","1804033373234696441","","","in","","0","0","0","https://x.com/tergedick/status/1804033373234696441","1771905962808688640","tergedick"
"1804037267650154940","Fri Jun 21 06:22:56 +0000 2024","5","Kenyang Bego.","1804037267650154940","","","in","Jakarta, Indonesia","0","1","0","https://x.com/Jazazyel/status/1804037267650154940","521459581","Jazazyel"
"1803818844949033412","Fri Jun 21 10:22:34 +0000 2024","6","@twinklehrj bego aja sih yang percaya salah sambung / salah nomor? even bener salah pun WOW hebat banget keberuntungan dia dari 0 0000 sekian % kebetulan banget nomor Renjun? nomor IDOL anjir amalan apa lo ssg sampe bisa kebetulan nomor rj","1804097571373355220","","twinklehrj","in","Jakarta","0","1","0","https://x.com/unknowuser0/status/1804097571373355220","1056845820","unknowuser0"
"1785702909910622658","Wed May 01 16:08:45 +0000 2024","8859","chatnya sok2an diarsip tapi si bego tetep bolak balik buka whatsapp nunggu angka 1","1785702909910622658","","","in","Daegu, Republic of Korea","738","682","1771","https://x.com/seterahdeh/status/1785702909910622658","322172298","seterahdeh"
"1803310442154258438","Wed Jun 19 06:14:47 +0000 2024","10","Bisa nya nyindir nyindir mulu dah lama kali tweet lu gue pantau bisanya cuman nyindir coba sesekali ditegur langsung via dm kan enak kalo lu nyindir juga meskipun lu nyindir org lain dan bukan org yg lu maksud semua org bakal ngerasa kesindir bego","1803310442154258438","","","in","Pondphuwin Earthmix Greatinnü©µ","1","2","1","https://x.com/wintuyouwish/status/1803310442154258438","1719990813080629248","wintuyouwish"
"1804147300685746309","Fri Jun 21 13:46:23 +0000 2024","5","@Heraloebss Do to the Ngo. Siklusnya sama. Ngelakuin hal bego-kerekam sm org lain-jadi viral-dihujat sana-sini-bikin klarifikasi-minta maaf. Gitu aja terus ","1804148863923818756","","Heraloebss","in","","0","0","0","https://x.com/ituinionoh/status/1804148863923818756","1480142622849077249","ituinionoh"
"1804046896174108947","Fri Jun 21 07:04:26 +0000 2024","5","Aku sedih terus nangis tapi ketawa krn mukanya bego dan matinya bego bgt huhuhuhu :'((( https://t.co/x80Uo45iDQ","1804047710091407412","https://pbs.twimg.com/media/GQlD06IakAU63tI.png","LeaLestariVT","in","Banjir Kanal Timur","0","0","2","https://x.com/LeaLestariVT/status/1804047710091407412","1576927000727785474","LeaLestariVT"
"1757688138577899527","Wed Feb 14 08:48:03 +0000 2024","13881"," Dasar SDM rendah Emang pada bego semua Ga punya nalar Mending gausah temenan lagi deh Gimana kabarnya gaes? Menang? Puas? ","1757688138577899527","","","in","Jakarta, Indonesia","407","520","2032","https://x.com/LiongkyTan/status/1757688138577899527","216307757","LiongkyTan"
"1760087520333992112","Tue Feb 20 23:42:20 +0000 2024","7232","Intel nya bego! Gaduh Intel Polisi Kepergok Menyusup ke Rapat Relawan AMIN di Yogyakarta Kapolres Minta Maaf https://t.co/REkLCFXJFT","1760087520333992112","","","in","Makassar-Jakarta, Indonesia ","107","294","2370","https://x.com/tawajkt/status/1760087520333992112","2431850658","tawajkt"
"1803679392033337726","Thu Jun 20 06:40:52 +0000 2024","4","udh brp kali kena tp masih pd bego tak tau pattern udh tau kalah jumlah sama fandom yg isinya org gila tp sengaja mancing mulu udh tau endingnya mrk yg lebih byk dpt hit tweet dr ngedrag jh","1803679392033337726","","","in","","0","0","0","https://x.com/jaehyunrekaman/status/1803679392033337726","1626167655945375745","jaehyunrekaman"
"1803762446064316747","Thu Jun 20 12:10:54 +0000 2024","2","Betapa.. mengulang kalimat yg salah berulang kali adalah hal yang bego... (Saking ga ada bahan) Auto ke skip ","1803762446064316747","","","in","Surabaya ","0","0","0","https://x.com/YeniWulansari/status/1803762446064316747","296135470","YeniWulansari"
"1803658513253830704","Thu Jun 20 05:17:54 +0000 2024","17","tau ga si aku ini jg bxb shipper/shipper antar member dlm satu grup tp aku kesel juga ya anjir liat orang2 yg ilang akal sehat over KAPAL HALU. kalo udh gini yg kena ya bxb shipper lagi secara general. padahal yg bego mah elu elu ajee tp kita berasa kena call out sekampung","1803658513253830704","","","in","INA, SE. Asia","0","4","1","https://x.com/lunnatttic/status/1803658513253830704","1397767449773101059","lunnatttic"
"1804031679490642106","Fri Jun 21 06:00:44 +0000 2024","6","Gosah lu bawa2 kutipan novel modal ss begini tlol org yg gatau jd ikutan bego miss konteks kaya lu dikira hualian switch canon di novel dosa lu ganti2 karya org ‚Äç","1804031679490642106","","","in","","0","0","2","https://x.com/moltentomikasa/status/1804031679490642106","1256085200397688832","moltentomikasa"
"1804066286013464795","Fri Jun 21 13:41:48 +0000 2024","2","@geloraco Penjilat sepertimu yang untung dasar bego","1804147710712484307","","geloraco","in","kenteng, susukan,semarang,jate","0","0","0","https://x.com/MahesaMuna196/status/1804147710712484307","1755628014371532803","MahesaMuna196"
"1803267039978786916","Wed Jun 19 03:22:20 +0000 2024","8","Loh? ku pikir yang hate comment jago tenyata bego ","1803267039978786916","","","in","Blockchain","0","1","0","https://x.com/kyojindee/status/1803267039978786916","823715292702384129","kyojindee"
"1803444809086148953","Wed Jun 19 15:08:43 +0000 2024","15","paul: dasar bego dikasih isyarat gamau ngerti ","1803444809086148953","","","in","","0","0","0","https://x.com/onyourcegil/status/1803444809086148953","1588712213837381632","onyourcegil"
"1803964403093770602","Fri Jun 21 01:33:24 +0000 2024","2","jawabannya ky orang bego","1803964403093770602","","","in","","0","0","0","https://x.com/sacearine/status/1803964403093770602","1281970946669084673","sacearine"
"1803787569232028003","Thu Jun 20 13:55:40 +0000 2024","211","6. Gak ada yang bego elahh panik mah panik aja. https://t.co/SejYxZ98Va","1803788813132874109","https://pbs.twimg.com/media/GQhYW30akAAdrjS.jpg","fak3butterflies","in","NOMINIST ‚Äî AREA 21+üîû","1","1","5","https://x.com/fak3butterflies/status/1803788813132874109","1341960000906784768","fak3butterflies"
"1804078538481713475","Fri Jun 21 10:16:39 +0000 2024","12","@haefullshan beda kasus atuh bego otaknya dipake lah","1804096082713960893","","haefullshan","in","üçíüß∏üêØüåô ‚Çä ‚ãÜ","0","0","1","https://x.com/66hduckie/status/1804096082713960893","3000105066","66hduckie"
"1803957698234647016","Fri Jun 21 01:06:45 +0000 2024","2","Dia emang bego njir. Gtw pola pikirnya gw setiap baca tweetnya gw selalu mbatin goblok bgt cok ","1803957698234647016","","","in","Connecting~","0","0","0","https://x.com/xialiing/status/1803957698234647016","882154675","xialiing"
"1804179327485120798","Fri Jun 21 15:47:26 +0000 2024","2","please yang pada DM kebawa sange karna tweet ini pada kagak paham atau kagak modal dah karaoke ya karaoke lah di tempat karaoke ngapain ngajak ke hotel bego ","1804179327485120798","","","in","Surabaya - Malang","0","2","0","https://x.com/youarenoteasy/status/1804179327485120798","824864473408102403","youarenoteasy"
"1739639521577447661","Tue Dec 26 13:29:17 +0000 2023","16281","Mitos2 macem Micin bikin bego Mie instan bahaya bikin usus lengket es bikin gendut Susu protein bikin rusak ginjal Ini emng harus di debunk soalnya kterlaluan. Udah salah tapi disebarin mulu","1739639521577447661","","","in","Yogyakarta, Indonesia","232","429","3550","https://x.com/tirta_cipeng/status/1739639521577447661","116632682","tirta_cipeng"
"1803391947954069882","Wed Jun 19 11:38:40 +0000 2024","2","boros lu nabung bego","1803391947954069882","","","in","mamat gunshop","2","7","3","https://x.com/meartabak/status/1803391947954069882","1573014367939198978","meartabak"
"1803841310601941108","Thu Jun 20 17:24:16 +0000 2024","4","date nonton bareng clash of champions ruangguru tgl 29 nanti kayaknya oke juga tapi nanti gua ketauan bego ","1803841310601941108","","","in","","0","0","0","https://x.com/syahnaz0324/status/1803841310601941108","1508467565160726528","syahnaz0324"
"1803229826356240534","Wed Jun 19 00:54:27 +0000 2024","6","gyu take a rest well yaa.. I hope u think about ur health first moa would be sadder to see you sick :( kamu sama sekali gak mengecewakan yang bego tuh agensi tolol km itu yang udah forsir km sampe begini EMG LO NGENTOD @BIGHIT_MUSIC WE LOVE YOU BEOMGYU #GetWellSoonBeomgyu https://t.co/N2v9Wm7ldk","1803229826356240534","https://pbs.twimg.com/media/GQZb-KSacAA6BDn.jpg","","in","INFJ","0","0","2","https://x.com/GyuraAra/status/1803229826356240534","1464856089191661568","GyuraAra"
"1804067407125963167","Fri Jun 21 08:22:42 +0000 2024","2","Lu ngapain bego...","1804067407125963167","","","in","Somewhere ","0","6","0","https://x.com/aethelwines/status/1804067407125963167","598990835","aethelwines"
"1803708804460384763","Thu Jun 20 08:37:44 +0000 2024","6","Last deh gue ladenin ni fandom gendeng. Yang mending konser di GBK lah bodoh dari pada diangkat Chris Hemsworth yang dijadiin patokan sukses nya idol kaya lu mikir ga si korelasinya apa ih greget aing mah bego ","1803708804460384763","","","in","Dreamville","1","0","3","https://x.com/kthrnirene/status/1803708804460384763","1652487158266236928","kthrnirene"
"1803985448924254670","Fri Jun 21 02:57:02 +0000 2024","3","ibhrs emg dari dulu begini lu pada yg bego kmrn2 mau aja diadu domba sm jokowi. TELAT","1803985448924254670","","","in","ŸÅŸÑÿ≥ÿ∑ŸäŸÜ ÿ≠ÿ±ÿ©","0","0","0","https://x.com/truebIu/status/1803985448924254670","1680667800","truebIu"
"1803344204015468898","Wed Jun 19 08:28:57 +0000 2024","3","Kadang suka heran sama yg katanya sayang heeseung tapi dia sendiri yg seakan ngejatuhin hee dgn narasi PENGECUT!!!. Persetan STAN lain mau ngambek kek klo hee dpt part bnyk. La hee dpt screen dikit aja stan lain gapeduli bego!!! Kdg sebel aku selemah itu kah km ngestan hee","1803344204015468898","","","in","","0","2","3","https://x.com/starna_99/status/1803344204015468898","1765873965028016128","starna_99"
"1804094079934021859","Fri Jun 21 10:21:31 +0000 2024","5","@txtsecondstar emanggg mereka yang bego kita yang pusing","1804097309221011875","","txtsecondstar","in","she/her ‚Ä¢ moa only  üáÆüá©","0","1","0","https://x.com/thurschildz/status/1804097309221011875","1446886742338899970","thurschildz"
"1803763468354629653","Thu Jun 20 12:14:57 +0000 2024","3","Gue mumet pisan ini mah. Bisa nggk kalo war itu jangan ngetik mereka jadi kebawa semua yang cuma diam juga. Sebut aja namanya si A si B si C. Yang berulah di A yang kena semuaaa Mereka ngatain bias gue tapi blablablabla. PADAHAL YANG NGATAIN CUMA BEBERAPA ORANG BEGO","1803763468354629653","","","in","000813‚ô° ","0","1","1","https://x.com/nanaily00/status/1803763468354629653","1541958248567164928","nanaily00"
"1803458222235554287","Wed Jun 19 16:02:01 +0000 2024","6","enak juga ya ternyata pura2 bego didepan orang yang susah payah ngatur skenarionya sendiri padahal kita udh tau aslinya","1803458222235554287","","","in","","0","1","0","https://x.com/hnysyfn02/status/1803458222235554287","1548373940334370816","hnysyfn02"
"1746711763050201564","Mon Jan 15 01:51:51 +0000 2024","5013","Pas masuk sih pinter2. Pas udah didalem bego2. Lingkungannya cocok buat orang bego.","1746711763050201564","","","in","yg pasti bukan di kantor","284","241","1140","https://x.com/PNS_Ababil/status/1746711763050201564","257207822","PNS_Ababil"
"1803816209323794795","Thu Jun 20 15:44:32 +0000 2024","5","main soalnya kalo di rumah kerjaannya nangis doang kayak orang bego https://t.co/gq0jEJehzJ","1803816209323794795","https://pbs.twimg.com/media/GQhxQ8rbsAA0aO3.jpg","","in","planetes","0","1","0","https://x.com/sesiliasamantha/status/1803816209323794795","124741104","sesiliasamantha"
"1748179078367330622","Fri Jan 19 03:02:26 +0000 2024","40068"," Astaga lo ga tau kasus HAM 98?? Duhh tau deh si paling intelek. Bego bener opininya.. Serem banget pendukung sebelah. Capres-Cawapresmu bermasalah.. Bodo aku tetap all in ok gas ok gas Ada lagi templatenya?","1748179078367330622","","","in","Depok, Indonesia","708","785","8246","https://x.com/andikamalreza/status/1748179078367330622","499262326","andikamalreza"
"1804124949587898771","Fri Jun 21 12:11:21 +0000 2024","3","Nganggap Rizieq bego mah udah salah langkah dari awal. Sekolahnya bagus kok.","1804124949587898771","","","in","Surabaya, Jawa Timur","0","0","3","https://x.com/dikanchut/status/1804124949587898771","369983210","dikanchut"
"1803989295562367302","Fri Jun 21 13:21:16 +0000 2024","9","@CloudxRaven @brenbrndn Orang2 disini bego lebih milih twet nanya daripada browsing gugel cok","1804142542059114912","","CloudxRaven","in","","0","2","0","https://x.com/Rohmat__Te/status/1804142542059114912","1118478300832092160","Rohmat__Te"
"1803718912359452875","Thu Jun 20 09:17:54 +0000 2024","7","Bego bgt beli lipstik sampe 2 biji warna sama buat apa kiciiii yawloooo ngestock lu","1803718912359452875","","","in","Jakarta Barat, DKI Jakarta","0","2","0","https://x.com/vnillakiss/status/1803718912359452875","1680254382963851264","vnillakiss"
"1803355363724718217","Wed Jun 19 09:13:18 +0000 2024","0","INI APA ANJINH BEGO https://t.co/btGdNBEgOh","1803355363724718217","https://pbs.twimg.com/media/GQbOJXXa8AAI2Xa.jpg","","in","Í≤∏Ïäà‚öîÔ∏èü¶å‚òÜÏ§ÄÌïòÏò§üê±üê∏","0","4","0","https://x.com/Seoksooaddict_/status/1803355363724718217","1534446173418684421","Seoksooaddict_"
"1804081777574842855","Fri Jun 21 09:19:48 +0000 2024","18","kenapa sih orang-orang pada bego banget. inilah kenapa korban jarang speak up. udah mah diteror yang dipercaya tetep aja pelaku. minimal mikir. https://t.co/P58nj6NX62","1804081777574842855","https://pbs.twimg.com/media/GQli0MrakAIExOo.jpg","","in","k-pop rawrr","0","0","5","https://x.com/nagapirang/status/1804081777574842855","2417404958","nagapirang"
"1803070302672355621","Tue Jun 18 14:20:34 +0000 2024","1","sepupuku bego bgt bjir masa dia nyuci daging pake molto","1803070302672355621","","","in","jejey‚ô°","0","40","0","https://x.com/abetrash/status/1803070302672355621","1574021178796445697","abetrash"
"1804026473990533430","Fri Jun 21 05:40:03 +0000 2024","3","Emang milenial2 aja sih yg bego disuruh kerja 20 jam sehari kok mau","1804026473990533430","","","in","Â∞ëÂ•≥ÊôÇ‰ª£","0","0","0","https://x.com/naufxl/status/1804026473990533430","2907731299","naufxl"
"1803971781373628572","Fri Jun 21 02:02:43 +0000 2024","3","pernah deep talk sm dua sahabat karib itu trs blg ke mereka keknya gue gaberhak nikah atau bahagia. eh terus mereka ngamuk-ngamuk sambil blg lo tuh kurangnya apa sih. cuman cowok bego aja yg ga bersyukur milikin lo kmrn jd mikir gini. gamungkin lu tuh ga nikah lu aja cakep. ","1803971781373628572","","","in","Bandung Wetan, Indonesia","0","1","0","https://x.com/avocadocoffe4/status/1803971781373628572","1242152661253632001","avocadocoffe4"
"1803200169900646857","Tue Jun 18 22:56:37 +0000 2024","0","Gua mimpi dikatain bego anjir terus gua marah-marah","1803200169900646857","","","in","she/her-legal","0","6","0","https://x.com/mkaixser/status/1803200169900646857","1506814076638298112","mkaixser"
"1804022665088504320","Fri Jun 21 05:24:55 +0000 2024","5","Ini fans jepang juga pada bela ssg anjir katanya renjunnya juga salah karna asal expose privasi orang padahal dia publik figur Kalo kata gue ini dua negara kumpulan para ssg lu diem aja njir renjun expose privasi orang?? Trus suruh diem aja privasinya diganggu?? Bego semua","1804022665088504320","","","in","","0","0","0","https://x.com/renlenationx/status/1804022665088504320","1337756019561095173","renlenationx"
"1804036114363429167","Fri Jun 21 11:15:04 +0000 2024","12","@Koreaboo SM tolol banget ajg protect artistnya ga bisa giliran artistnya take action sendiri malah dibilang foolish. agesti tolol agensi bego","1804110784475336980","","Koreaboo","in","jeno's","0","0","1","https://x.com/terjaehyunism/status/1804110784475336980","726042068296982528","terjaehyunism"
"1803916364983472462","Thu Jun 20 22:22:31 +0000 2024","12","KOCAKKK ak mimpi almet ub udah di bagiin anjir apasiii sampe ke bawa mimpi bangun bangun spti orang bego","1803916364983472462","","","in","fia ub","1","18","0","https://x.com/Ibubblegummie/status/1803916364983472462","1450056124510576642","Ibubblegummie"
"1803976829788918105","Fri Jun 21 12:39:33 +0000 2024","15","@riizeva7 cocoklogi tergoblok yg pernah ada tanpa lu sadari lu ngomongin diri lu sendiri nyet udah lah salah nyolot lagi sejak kapan txt jadi vampir BEGO kita juga udah make portal sebelum ae debut kali ‚ÄçÔ∏è normalisasi research dulu sebelum bacot biar gak tolol tolol amat","1804132046580986333","","riizeva7","in","Magic Island","0","1","1","https://x.com/manicdreamtxt/status/1804132046580986333","33446200","manicdreamtxt"
"1803295051646394781","Wed Jun 19 10:53:20 +0000 2024","4","@Heraloebss Jangan berani2 kalau kalian cuma keroco. Jangan pura2 bego apalagi sok pahlawan.. dihabisi kalian.. konsorsium 303 itu masih eksis meskipun bukan lagi Sambo sebagi pengendalinya. Apalagi cuma Kompol di sana bintang semua.","1803380537970626903","","Heraloebss","in","","0","0","0","https://x.com/Yopras69Y/status/1803380537970626903","1558029381163167744","Yopras69Y"
"1803976829788918105","Fri Jun 21 12:57:18 +0000 2024","11","@riizeva7 @yeonjuniewife pantesan fans indo dicap bego ama orang luar. contohanny kyk begini. otak di pantat TT. gws ya","1804136512285741059","","riizeva7","in","","0","1","0","https://x.com/DIORHYUKA/status/1804136512285741059","1661374946398855169","DIORHYUKA"
"1803367697532723359","Wed Jun 19 10:02:18 +0000 2024","103","kan!! lu yang bego diajak hts mau mau aja","1803367697532723359","","","in","Tokyo-to, Japan","1","56","1","https://x.com/polixci/status/1803367697532723359","1751187588638281728","polixci"
"1804122848308662584","Fri Jun 21 16:26:49 +0000 2024","197","@haefsfullsunie @sungrenn fandom goblok anjing artisnya pada kena malah sumbu pendek dua2nya. agensi aja udh tolol bgt ngambil tindakan eh malah fansnya juga pada bego mancing war","1804189240731013498","","haefsfullsunie","in","","3","1","11","https://x.com/cigarettesglee/status/1804189240731013498","1485840073283485697","cigarettesglee"
"1803375707839414624","Wed Jun 19 10:34:08 +0000 2024","2","ngebaca ini tuh ternyata hidup kalian susah juga ya dapat restu. beda bangsa dan di bangsa masing-masing ada dalam keturunan ningrat dan suci. bocil bego bocil bego. sok keren tuker-tukeran darah janji pertemanan malah janji hidup selamanya.","1803375707839414624","","","in","kyupiter","0","0","0","https://x.com/meclaulin/status/1803375707839414624","2873132742","meclaulin"
"1803662702344331708","Thu Jun 20 05:34:33 +0000 2024","14","lg kerja tb gw ke inget cerita tmn gue ajg fyi tmn w as panitia sleksi ‚Äç: maaf klo ortumu meninggal trs bentrok sm rapat km pilih mana? : rapat ‚Äç: [bertanya ulang meyakinkan] : iya rapat ‚Äç: oh yaudah YG BEGO SIAPA AJG ","1803662702344331708","","","in","","0","2","0","https://x.com/brokenpieecess/status/1803662702344331708","1554843995976519681","brokenpieecess"
"1804087409619144713","Fri Jun 21 09:42:11 +0000 2024","21","rekaman lagu 2021-2022 kemungkinan perancangan dan lain-lain udah dari sebelum itu karena gak mungkin ide aransemen dkk bisa sehari jadi. kalau masih nyalahin jimin mah lu bego bilang aja lu benci dia kelar. boikot ya hak lu tapi share mp3? tai.","1804087409619144713","","","in","rest","0","2","11","https://x.com/sukurebahan/status/1804087409619144713","768835384218267649","sukurebahan"
"1733718802599141729","Sun Dec 10 05:22:28 +0000 2023","3222","Kerja gak banyak Bisanya cuman joged2 Program makan gratis bikin ketawa Diundang debat kabur Pas ditanya apa jawab apa.. Eh pas di survey MENINGKAT. Ini yang bego yang disurvey apa lembaganya.. ","1733718802599141729","","","in","Indonesia","110","1453","823","https://x.com/Dennysiregar7/status/1733718802599141729","4780649298","Dennysiregar7"
"1803650720903934146","Thu Jun 20 04:46:56 +0000 2024","2","lu yang tolol bego","1803650720903934146","","","in","22","0","0","0","https://x.com/kiyowadokoni/status/1803650720903934146","3286555657","kiyowadokoni"
"1803808793782084092","Fri Jun 21 08:33:01 +0000 2024","6","@smileforhrj Bego jgn di pelihara","1804070001902776717","","smileforhrj","in","","0","1","0","https://x.com/Imeymey112/status/1804070001902776717","1474373735939338247","Imeymey112"
"1803791545205948533","Thu Jun 20 14:10:40 +0000 2024","16","Lu gk mo dapet pasangan gay tl lu gk mo jg menuhi hak pasangan gay + ttp diskriminatif gagasan yg dominan d masyarakat yh yg nganggep nikah tu jalan bwt gay bsa jd hetero pdhl mh klo sekali gay ya gay trs kgk bkl bisa sembuh. Mo solusi tapi gak mau melaksanakannya. Bego.","1803792590116147497","","FARHAN2Humanity","in","","0","0","3","https://x.com/FARHAN2Humanity/status/1803792590116147497","1627630848769142787","FARHAN2Humanity"
"1803115761487192456","Wed Jun 19 05:14:30 +0000 2024","3","@nakaharadz Intinya bego","1803295269179760813","","nakaharadz","in","","0","0","0","https://x.com/lvlyvk/status/1803295269179760813","1667522230266503169","lvlyvk"
"1803976829788918105","Fri Jun 21 11:42:51 +0000 2024","19","@riizeva7 @yeonjuniewife YE BEGO VAMPIRE MAH GRUP SEBELAH KOCAK LAGKAN PORTAL PUNYA TXT UDAH DARI 2019 STOP COPYING TXT FREEZE IS FOREVER #StopCopyingTXT","1804117775474135283","","riizeva7","in","bisa dibilang rantacc","0","2","0","https://x.com/choisfobin/status/1804117775474135283","1321387590142976002","choisfobin"
"1804149438258282752","Fri Jun 21 13:50:49 +0000 2024","7","@tanyarlfes Kok akun2 bego kayak ini gak kena suspend ya?","1804149981453889820","","tanyarlfes","in","Jakarta","1","17","0","https://x.com/Yov_aldyoga/status/1804149981453889820","1794249132577849344","Yov_aldyoga"
"1747242394553311620","Wed Jan 17 03:36:18 +0000 2024","12774","@convomf Gue dari SD jg udh bisa lu aja yg bego kali nder","1747462826791506023","","convomf","in","","170","553","832","https://x.com/idextratime/status/1747462826791506023","1222927522033094656","idextratime"
"1803354871074287736","Thu Jun 20 08:14:40 +0000 2024","2","@duluredewe87 @tropicalion Ternyata Aremania msh bego juga mencintai klub yg jelas2 Nir-Empati. Masih ingat pas away Malang iyasih datengnya disambut tapi pulangnya disambit. Kalo saat itu ga ada arahan dilarang buat posting upload pasti bakal rame melihat sweeping Aremania ke Bobotoh saat beres match","1803702998561861649","","duluredewe87","in","","0","0","0","https://x.com/UnityFor_All/status/1803702998561861649","1789141425243963392","UnityFor_All"
"1803958468665315716","Fri Jun 21 07:16:01 +0000 2024","2","@ninapurwanti72 @threadshopee @Heraloebss Nyinyir matalu. Kontribusi gw ga ikut goblok maen judol biar bandar ga tambah pemasukan dr duit pemain yg uda pasti kalah. Emg pemerintah nya bego ga bisa berantas judol.","1804050625187184830","","ninapurwanti72","in","","0","1","0","https://x.com/karisma_riyadi/status/1804050625187184830","239373034","karisma_riyadi"
"1803770729659551894","Thu Jun 20 13:16:31 +0000 2024","2","@awlidax @mfrmdhn05 @odolidolngidool @idextratime Tetap ada kata gua mah istilah kata lu yg paling bego dsri lulusan Harvard juga masih bisa bersaing sama anak UI","1803778962411376935","","awlidax","in","Jakarta","0","1","0","https://x.com/DarmantoDiky/status/1803778962411376935","1552550161246986241","DarmantoDiky"
"1803715388393615627","Thu Jun 20 09:03:54 +0000 2024","3","sumpah bego bgt wkwk jadi tadi gue bangun tidur lsg buka wa kan terus cek notif grup matkul gue dan gue bacanya tuh ada kelas pengganti sore ini jam 4. barusan gue ask join gmeet tuh gue tunggu kok ga diacc pas gue baca lagi ternyata besok anjggggg","1803715388393615627","","","in","Jakarta","1","0","0","https://x.com/itsyourjoyy/status/1803715388393615627","1401163272103944194","itsyourjoyy"
"1770838181266460935","Thu Jun 20 14:50:45 +0000 2024","1","@azzarryooo Lah baru sadar ya kalau lu itu BODOH GOBLOK TOLOL BEGO DODOL STUPID BAHLUL","1803802676356170050","","azzarryooo","in","Kota Makassar, Sulawesi Selata","0","0","0","https://x.com/FicaBts/status/1803802676356170050","1425258663636131840","FicaBts"
"1803304220218814537","Wed Jun 19 05:50:04 +0000 2024","3","demi apapun gue betmut kayak orang bego mana ngantuk","1803304220218814537","","","in","Art Studio Corner","0","3","0","https://x.com/omouricee/status/1803304220218814537","1115537185812426752","omouricee"
"1804081189168230629","Fri Jun 21 10:09:04 +0000 2024","19","@haefullshan lu ga ada bedanya sam yang bikin ulah tadi bego","1804094176277205475","","haefullshan","in","üçíüß∏üêØüåô ‚Çä ‚ãÜ","0","0","1","https://x.com/66hduckie/status/1804094176277205475","3000105066","66hduckie"
"1803342747916706289","Wed Jun 19 08:23:10 +0000 2024","1","Ni dia lewat mulu di timeline gue pantesan makin banyak orang bego. Panutannya punya cara berfikir kaya gini njir.","1803342747916706289","","","in","","0","0","1","https://x.com/wepe20_/status/1803342747916706289","276941998","wepe20_"
"1803631264257409182","Thu Jun 20 03:29:37 +0000 2024","6","Bego abis","1803631264257409182","","","in","Somewhere","0","6","0","https://x.com/Malvon12/status/1803631264257409182","1281229097130029058","Malvon12"
"1803883714499518928","Thu Jun 20 20:12:46 +0000 2024","2","bego bunuh diri wkwkwkwkkw","1803883714499518928","","","in","Semarang, Jawa Tengah","0","2","0","https://x.com/viaviovieviu/status/1803883714499518928","909095224919470080","viaviovieviu"
"1803378443297628660","Wed Jun 19 10:45:00 +0000 2024","0","kenyang bego","1803378443297628660","","","in","Milan, IL","0","8","0","https://x.com/snowmoonie/status/1803378443297628660","1542077623144026113","snowmoonie"
"1803558777763012824","Thu Jun 20 01:51:49 +0000 2024","3","@VIVAcoid Ortunya waras. Tau anaknya tidak dihargai langsung membuat si bego tidak berharga. Makan tuh bui.","1803606649866977682","","VIVAcoid","in","","0","0","0","https://x.com/tigor_na70/status/1803606649866977682","99508535","tigor_na70"
"1803730066192650362","Thu Jun 20 10:02:14 +0000 2024","10","Itu pegangan kereta buat dipegang anj bukan gelantungan glendotan tolol. Kayak gapunya kuda2 anj stop biasain nyender anj. Naek kereta bego bukan kolam arus jangan dinikmatin.","1803730066192650362","","","in","Dunia Red Velvet","0","1","1","https://x.com/greatrakbarok/status/1803730066192650362","1107292868694073344","greatrakbarok"
"1803296130664726830","Wed Jun 19 05:17:55 +0000 2024","2","Nih beberapa orang ada yang ngebego-begoin orang yang terlanjur kegocek daftar situs pengganti Twitter di Elaelo. Lah mereka sendiri juga bego kegocek keberadaan Elaelo itu sendiri yang dibilang buatan Kominfo (guess what it wasn't) dan ikut ngata-ngatain juga.","1803296130664726830","","","in","Jakarta Capital Region","0","1","0","https://x.com/Consider_myname/status/1803296130664726830","1179392451389210624","Consider_myname"
"1803674139741261962","Fri Jun 21 01:58:17 +0000 2024","2","@abas_jo @democrazymedia Itu swasta bego","1803970667211329895","","abas_jo","in","","0","3","0","https://x.com/heriprambanan/status/1803970667211329895","1178475193","heriprambanan"
"1803699819594260818","Thu Jun 20 08:02:02 +0000 2024","1","Kek org bego bgt ini anjir nenteng2 hp dari td. Ni hp dimasukin tas kaga muat di kantong celana jg kaga muat. Gede bat dah ","1803699819594260818","","","in","ni akun dikelola oleh 10 admin","0","2","0","https://x.com/ageetarumi/status/1803699819594260818","1065679430566076416","ageetarumi"
"1802979071628128327","Wed Jun 19 14:14:53 +0000 2024","13","@arbelliena cerai ajalah pisah rumahh bikin si j nyesel se nyesel nya kalo bisa t menjauhh tapi ga deket sama orang lain biar ga sama sama bego setahun nikah ga dapat rasa dihargai nya ya t haha","1803431262218232165","","arbelliena","in","","0","1","0","https://x.com/kim95dtr/status/1803431262218232165","1391745915782713346","kim95dtr"
"1803588877153870176","Thu Jun 20 09:03:39 +0000 2024","2","@AlismarAlismar1 @mukidioon3 Marah marah dulu bego kemudian","1803715324417839470","","AlismarAlismar1","in","","0","0","0","https://x.com/alexandreOvanov/status/1803715324417839470","2583123972","alexandreOvanov"
"1803758471822864443","Fri Jun 21 01:00:48 +0000 2024","9","@denismalhotra masyarakat indo juga bego. Sudah tau masyarakat suka nya komedian ya yg bakal di coblos komedian. Rata rata orang cerdas dan punya kompetensi untuk memimpin tidak punya popularitas. Demokrasi pemimpin mencerminkan rakyatnya. Kalau pemimpin korup itu arti nya rakyat suka korup.","1803956200029249807","","denismalhotra","in","Jakarta pusat ","0","0","0","https://x.com/ardaynsqw/status/1803956200029249807","1081078903857283072","ardaynsqw"
"1803310573150458049","Wed Jun 19 08:50:49 +0000 2024","2","@PejuangPH skip lah bego ternyata. Ga worth itu diterusin.","1803349707961540651","","PejuangPH","in","","0","1","0","https://x.com/mwildanfath/status/1803349707961540651","1604985138328219648","mwildanfath"
"1804042851116027986","Fri Jun 21 09:10:20 +0000 2024","380","@kapenthu Gue heran deh nih agensi babi malah belain sasaeng bego kok dipelihara bahkan disaat udh banyak bukti kalo tuh agensi emang busuk dari dulu tetep aja MASIH BANYAK PEMUJA TUH AGENSI TOLOL","1804079392647450806","","kapenthu","in","Kota Bandung, Jawa Barat","0","1","12","https://x.com/LiliNini07/status/1804079392647450806","1375486958336581634","LiliNini07"
"1803336414274187439","Wed Jun 19 12:53:55 +0000 2024","2","@Topektorres9 @OnefootballM Kao pon bego juga pakcik ikut reply sampai masa bila bila","1803410887413555541","","Topektorres9","in","","0","1","0","https://x.com/tyadabanding/status/1803410887413555541","968424927811461120","tyadabanding"
"1803378464319291572","Fri Jun 21 04:26:54 +0000 2024","3","@wahhabicc_jabar Kasihan wahabi di Indonesia syok liat video2 kaya gini . Tapi apa daya pura2 bego aja ","1804008068105252994","","wahhabicc_jabar","in","","1","0","1","https://x.com/_human_logic_/status/1804008068105252994","17953108","_human_logic_"
"1803638804496208329","Thu Jun 20 03:59:35 +0000 2024","1","anj tetangga gw ngajak keluar wtf lu lupa ma gw pas masa kecil dlu apa apa pura pura lupa bego","1803638804496208329","","","in","cewe shaneen","0","1","0","https://x.com/lucyoela/status/1803638804496208329","1086226107324497921","lucyoela"
"1803995647747723581","Fri Jun 21 03:37:33 +0000 2024","3","pantes bego wong ngefans jungkook","1803995647747723581","","","in","jakarta","0","0","0","https://x.com/sherendipiti/status/1803995647747723581","1977687690","sherendipiti"
"1803664875308327280","Thu Jun 20 05:43:11 +0000 2024","5964","Rakyat bego yang Depo Rakyat yang rungkad Eh Negara yang WD. https://t.co/mQD0jtl0MU","1803664875308327280","https://pbs.twimg.com/media/GQfnpEkaIAImXCU.jpg","","in","Ngadi King of The South","249","442","1762","https://x.com/MafiaWasit/status/1803664875308327280","2794327166","MafiaWasit"
"1803802131973230832","Thu Jun 20 15:23:32 +0000 2024","8","@DendyMrdiansyah @idextratime 2015 kagak ada liga bego wkwkwk","1803810927353237545","","DendyMrdiansyah","in","","0","0","0","https://x.com/kenthongz/status/1803810927353237545","1643136756890636289","kenthongz"
"1803301901490069570","Wed Jun 19 05:40:51 +0000 2024","4","Semoga para penjual makanan dan minuman dipinggir kali cisadane baca ini. ELU TU KALO JUALAN SEDIAIN TEMPAT SAMPAH OR KANTONG SAMPAH YANG GEDE BUAT NAROH SAMPAH ELU! JANGAN MALAH SAMPAHNYA DIBUANG KE KALI. BEGO! EMANG LU RUGI BANGET KALO BELI TEMPAT SAMPAH OR PLASTIK BUAT SAMPAH?","1803301901490069570","","","in","Heaven","0","0","0","https://x.com/wahyuhidayatSTR/status/1803301901490069570","1585923172486230016","wahyuhidayatSTR"
"1803270723777220856","Wed Jun 19 11:13:51 +0000 2024","2","@small_mofo_MK3 Ooh dia yang suka ngetik panjang panjang sampai lima paragraf tapi bikin orang tambah bego","1803385703239393580","","small_mofo_MK3","in","eropa agak utara","0","1","0","https://x.com/hajisorehari/status/1803385703239393580","1441706866480873478","hajisorehari"
"1804158694789386374","Fri Jun 21 14:43:02 +0000 2024","9","@cingreborn Bego banget gak punya otak","1804163121935978860","","cingreborn","in","Kota Semarang, Jawa Tengah","0","0","0","https://x.com/termanisku/status/1804163121935978860","973124146518355970","termanisku"
"1803304351395619025","Wed Jun 19 05:50:35 +0000 2024","8","guys Unsub Twitter Blue sebelum 1 Juli! Uang kalian selain diberikan ke salah satu orang terkaya dan paling bego dan egois di dunia tetapi informasi penting kalian juga nanti dikasih ke intelijen Israel ","1803304351395619025","","","in","","0","1","5","https://x.com/liddolmoonfairy/status/1803304351395619025","1304397018","liddolmoonfairy"
"1804185226329063816","Fri Jun 21 16:10:52 +0000 2024","1","Gamau ngatain sendernya tapi ya gimana dia juga yang bego. Bahkan tetep bego setelahnya ","1804185226329063816","","","in","DKI Jakarta, Indonesia","0","0","0","https://x.com/whosaumaya/status/1804185226329063816","1516408258655039505","whosaumaya"
"1803620077243449425","Thu Jun 20 07:38:36 +0000 2024","8","@txtdaritiktok__ @kompascom Nanti jadi tukang ngibul...dan berubah jadi bego..","1803693923027821032","","txtdaritiktok__","in","Bekasi, Jawa Barat","0","0","0","https://x.com/asepsuryadi01/status/1803693923027821032","2541221984","asepsuryadi01"
"1803795836947906946","Thu Jun 20 14:43:15 +0000 2024","3","@kompascom Buehhhh tipu2 macam apalagi ini mut? Dikira ilmuan2 amerika bego kali yah. Tanpa nikelmu mereka akan kembangkan baterai jenis lain yg lebih effektif jadi jangan GR dulu lah.","1803800789816955183","","kompascom","in","jakarta","0","0","1","https://x.com/boahaya/status/1803800789816955183","48933389","boahaya"
"1802979071628128327","Wed Jun 19 12:49:14 +0000 2024","3","@arbelliena Egois banget lo jungkook mau dingertiin tapi gak mau mengerti mampus aja dah lu emosi juga dengan tingkah lo knp harus sepupu kalau masih bisa disebut pacar udah gitu merasa paling tersakiti lagi caldish banget lo bego","1803409708893741276","","arbelliena","in","","0","2","0","https://x.com/sahara75370/status/1803409708893741276","1715331595450916864","sahara75370"
"1803747055107719475","Thu Jun 20 11:12:22 +0000 2024","17","@arungbudoyo Gw ud dari sblm pilpres nahan2 buat ga ngatain skrg ud kalah isu maju bareng kaesang statement ambigu soal jabatan mentri skrg jelas2 ni dia anggota PP Bah buset seneng bgt gw bisa goblog2in anak abah. Lagian bego ngulang ap yg jokowers lakuin. Belaga pinter pdhl asliny gblg","1803747718223016400","","arungbudoyo","in","Âåó‰∫¨Ôºå‰∏≠ÂõΩÂ§ßÈôÜ","1","2","1","https://x.com/Ogaman888/status/1803747718223016400","1653767392433147906","Ogaman888"
"1803389250513379333","Wed Jun 19 11:27:57 +0000 2024","110","kata gw barbie rapunzel bego mampus soalnya ga milih baju avant garde/haute couture malah milih bling bling syahrini https://t.co/dqO8Wqr4dc","1803389250513379333","https://pbs.twimg.com/media/GQbs9libMAArWtY.jpg","","in","","1","5","13","https://x.com/beranomali/status/1803389250513379333","1112203395266273280","beranomali"
"1803010939316523177","Wed Jun 19 06:32:39 +0000 2024","18","@18fesss Ya artinya dia gak sayang sama lo kalo dia ngilang berhari hari lo gak berarti apa apa bagi dia lo tu cuma dicari kalo dia butuh apa cuma nafsu doang sama lo gak beneran sayang or cinta jangan diterusin bego jadi cewek. Sakit banget kalo lo berharap sedangkan dia gak serius","1803314935893729393","","18fesss","in","","0","1","2","https://x.com/fortunatarianaa/status/1803314935893729393","2553936536","fortunatarianaa"
"1803313317345391086","Thu Jun 20 09:46:50 +0000 2024","6","@kucinggyatt @creepylogy_ orang tolol kebiasan pukul rata ... semua berdasar konteks tolol mana ada kdrt bilang urusan masing2 ... klo orangnya bego kek lu ya emang bisa jadi","1803726194145431700","","kucinggyatt","in","","0","0","0","https://x.com/Doel_Rohman/status/1803726194145431700","293187995","Doel_Rohman"
"1803796668053364895","Thu Jun 20 14:26:53 +0000 2024","8","kok punya temen bego banget kalo lagi dideketin orang bajingaaannn greget bgt","1803796668053364895","","","in","akun pribadi","0","0","0","https://x.com/aevoecadoo/status/1803796668053364895","1439611556631699466","aevoecadoo"
"1803352197561983296","Wed Jun 19 09:00:43 +0000 2024","0","jangan dicariiiiiii bego!","1803352197561983296","","","in","Makassar, Indonesia","0","0","1","https://x.com/evamoa/status/1803352197561983296","73336226","evamoa"
"1804031668183011755","Fri Jun 21 06:07:31 +0000 2024","4","@tvOneNews Yang bego itu pengikutnya modelan si bahar di sembah kek tuhan tolol","1804033387642130923","","tvOneNews","in","Indonesia","0","0","0","https://x.com/uglygrunge1798/status/1804033387642130923","1798283687676846081","uglygrunge1798"
"1803327649718411504","Wed Jun 19 17:27:04 +0000 2024","5","@amanterkendaly mungkin orang yang academically pinter itu lebih mengedepankan logika berdasarkan teori yang ada dan itu gabisa di-relate kan dengan percintaan karena cinta itu membuat org jadi bego wkwk","1803479624212685018","","amanterkendaly","in","","0","0","0","https://x.com/gataubosenaing/status/1803479624212685018","1286740572644941824","gataubosenaing"
"1803674139741261962","Thu Jun 20 08:45:41 +0000 2024","2","@kiwalipitu @democrazymedia Heh bego itu pabrik bangkrut krna pemerintah (kemendag) kasih izin impor tekstil dari luar negeri. Jadi dmn letak bukan tanggung jawab pemerintah?","1803710804195484111","","kiwalipitu","in","","0","0","0","https://x.com/RickyHs96463/status/1803710804195484111","1797637815179841536","RickyHs96463"
"1803417461477572904","Wed Jun 19 13:20:03 +0000 2024","2","kadang mikir yg bego tuh gue atau mereka si. saking banyak pikiran","1803417461477572904","","","in","","0","0","0","https://x.com/adaampp/status/1803417461477572904","304214458","adaampp"
"1803867875826098341","Thu Jun 20 19:09:50 +0000 2024","7","klo mau begoinn publik gausa bego dluan jadi org @seotaewoong_ tolol ga pantes lo hidup buat nyebarin fitnah ini. gue bnr2 berdoa smg lo segera dapat ganjarannya beserta temen lo si paling gak sengaja itu. kita liat aja smkin kalian para ssg playvict smkin terlaknat kalian.","1803867875826098341","","","in","","0","0","0","https://x.com/kareenjun/status/1803867875826098341","1664494167039565824","kareenjun"
"1803776257777426841","Thu Jun 20 13:49:57 +0000 2024","10","@__AnakKolong Pemerintah laporan seperti ini apa manfaat nya buat rakyat?????? Kalau tugas sudah selesai dan ada hasil baru lapor .... Udah tua bego semuanya","1803787375862296588","","__AnakKolong","in","","0","0","0","https://x.com/Pp32000145/status/1803787375862296588","1112998030779678720","Pp32000145"
"1803787157792026703","Thu Jun 20 15:39:52 +0000 2024","3","@mugkhlas @tentangpenaku8 @UpdateBolabola Lu emg bego apa pura2 bego sih bang ... Udh d kasih penjelasan kaga ngerti2 dah .... Flashback kbelakang coba dah sblm era pak erik ky gmn biar ga cuma bisa ngegas aja ....","1803815035380064297","","mugkhlas","in","Tanah Abang, Indonesia","0","0","0","https://x.com/UpritMang/status/1803815035380064297","1199937482894110721","UpritMang"
"1803746271016239426","Fri Jun 21 07:57:38 +0000 2024","8","@sungrenn bego apa gimana si? lu kira keren ngetweet gitu? nyindir gitu keren? mentang2 banyak yg like/rt lu kira bakal aman tweet lu ini? gak bakal mancing war gitu? mikir dong ini masalah udah ancur lebur gausah nambahin masalah ke solos lain.","1804061098599158022","","sungrenn","in","shipper cemara dnf","0","0","4","https://x.com/yelw323/status/1804061098599158022","1498958269091823617","yelw323"
"1803407499531550927","Fri Jun 21 13:00:31 +0000 2024","69","@lil_tomato0 mau cerita apa mau ghibahin karyawan baru mba? berasa bos lo bego?","1804137320108675106","","lil_tomato0","in","","0","0","0","https://x.com/moonliizy/status/1804137320108675106","1674846096231915520","moonliizy"
"1477949011449446400","Thu Jun 20 08:01:17 +0000 2024","2","@hlh_kntl @__anomali__ @AnakBalang_0705 @FruitLover2345 @Froyo64 @ajegilelu1 @JokoPintar2 @Marnischaniago2 @johnhomebapa @catz_nada2 @alfatih212426 @fmn99_gaming @Atheis_Bergitar @Capuchihome @Kappa_2023 @HabanglaliK @ridho45916919 @Greschinove @Bad_Follow_SHIA @eeh_ito @b_a_p_a_k_k_u @Markk12_29 @Uncle__Holland @Gue_Dilawan @Juragann_muda2 @JhontalJk @anu318725175311 @TiniRahayu21 @antikadrunmuna @ricardo_bobby @anarchyhumanist @KatzNada3 @Yygrko @abu_hurahura @dimas2_P @Valhallaah @dimas1286478285 @Karsono12732862 @catznada3 @PekanbaruRyu @katz_bornagain @dy04343703 @Amox1L1N @xyz161803zyx Lu aj yg bego. Ini cuman mirip tenses di enggres.","1803699629944610824","","hlh_kntl","in","Infinity Castle","0","0","0","https://x.com/imamDouma/status/1803699629944610824","801286481062936576","imamDouma"
"1803544949004312900","Thu Jun 20 08:54:12 +0000 2024","3","@T0M5helby aneh sih model pura pura bego kek gini masih aja laku. mas kok liatin saya terus? lah saya kan punya mata. ya dipake buat liat mana aja bebas. masa gaboleh mas kok pala saya ditendang? enda.. ini kan saya punya kaki.. cuma ngetes aja ini.. masa ga boleh ","1803712947946237955","","T0M5helby","in","","0","1","0","https://x.com/KayaPedagang/status/1803712947946237955","1529083005561864192","KayaPedagang"
"1803726988110414095","Thu Jun 20 12:38:15 +0000 2024","3","@detikcom tanggung amat kalo mau bego bilang aja 101%","1803769330330722424","","detikcom","in","Indonesia","0","0","0","https://x.com/gilang_Muhaimin/status/1803769330330722424","439460635","gilang_Muhaimin"
"1803808515645194258","Thu Jun 20 15:17:56 +0000 2024","4","@urchiello_ ini mah kita aja yang bego nggak sih","1803809514548011137","","urchiello_","in","fa kadang sbt","0","1","0","https://x.com/evanndeer/status/1803809514548011137","1794541164848418816","evanndeer"
"1803291992925020305","Wed Jun 19 05:01:29 +0000 2024","2","keknya lo harus belajar makna tanda baca ! ? . hp dah smart orgnya bego bgt chat jadi gk nyambung tolol bnr","1803291992925020305","","","in","Labuan Bajo","0","2","0","https://x.com/mantoveer19/status/1803291992925020305","4896830430","mantoveer19"
"1803791545205948533","Thu Jun 20 14:06:31 +0000 2024","73","Perempuan homofobik itu bego banget gak mau menyuarakan pemenuhan hak tapi gak mau juga kena imbasnya. Pun kalian gak maksa nikah apalagi yg maksa yah (lbh gk ngotak) klo ttp homofobik dan gak menyuarakan kesetaraan gay2 yg dipaksa nikah juga gak bakalan berkurang aneh.","1803791545205948533","","","in","","0","1","11","https://x.com/FARHAN2Humanity/status/1803791545205948533","1627630848769142787","FARHAN2Humanity"
"1803858077055357043","Thu Jun 20 18:30:54 +0000 2024","2","Rela relain makan di resto yang baru buka di kota sekali makan itu habis 63k. 63k. Sebuah nominal yang akan aku ingat karena itu harga untuk sekali makan belom termasuk parkir. Yaa Allah kenapa gw bego bgt. Padahal itu cuma sksd doang. Sadar Zoev kamu tuh miskin. ...","1803858077055357043","","","in","dramagon","0","1","0","https://x.com/FySoepii/status/1803858077055357043","1520243959305768961","FySoepii"
"1804078372475322475","Fri Jun 21 11:57:31 +0000 2024","5","@tvOneNews Ya jelas be da lah.... Lo bego yg cari kerjaan dg bantuan bapak Lo .","1804121467627671953","","tvOneNews","in","","0","0","0","https://x.com/ImamNganuu/status/1804121467627671953","1342516713263251460","ImamNganuu"
"1803355752121213104","Wed Jun 19 11:51:13 +0000 2024","3","@arungbudoyo @ErenyuhHQ Astaghfirullah itu drivernya ngebut sambil bawa penumpang? Kyknya malah otaknya yg lupa gak dibawa ya?? bego bgt sih..","1803395108408275038","","arungbudoyo","in","","0","0","0","https://x.com/Yuuki_da_13/status/1803395108408275038","1760297072786644992","Yuuki_da_13"
"1803766244476432721","Fri Jun 21 01:43:16 +0000 2024","2","@CNNIndonesia nggedabrus. ngaku2 investor sudah 45 groundbreaking tapi naskah perjanjian kerjasamanya masih dibahas. investor mana yang bego bikin kesepakatan tanpa perjanjian?","1803966885496787171","","CNNIndonesia","in","","0","0","0","https://x.com/NurRizally/status/1803966885496787171","1590976410520518656","NurRizally"
"1803801046038511883","Fri Jun 21 05:35:12 +0000 2024","6","@vampirellus @asephidiru makanya gw bilang banyak masyarakat indo yg syuper pintar ini hobbynya marah2 dulu tanpa cek padahal udah jelas di dalam deskripsi e katalognya itu yg dijual layanan satelit bukan perangkat penerima punya starlink doang. Yg up thread jg bego ga cek2 dulu.","1804025252617597052","","vampirellus","in","","0","0","2","https://x.com/hihanghorny/status/1804025252617597052","1778101359524585475","hihanghorny"
"1803315144606491104","Thu Jun 20 11:54:46 +0000 2024","10","@Dhepe08 @timpenguinnas @liberocks @aniesbaswedan Buta dan bego jangan dipelihara mas","1803758386368180484","","Dhepe08","in","","0","0","0","https://x.com/a_ghiffaari/status/1803758386368180484","1475040014782255109","a_ghiffaari"
"1804070713508401284","Fri Jun 21 10:58:46 +0000 2024","5","@agusazkagadiza @samsung_yoto @Generasiosing @idextratime Orang bego bilang juara pesanan gapernah baca rules PT. LIB dari awal musim","1804106682949152803","","agusazkagadiza","in","DKI Jakarta, Indonesia","0","2","0","https://x.com/suhartono1902/status/1804106682949152803","1322861155421843456","suhartono1902"
"1803310573150458049","Wed Jun 19 10:06:32 +0000 2024","5","@amertabuwana @odolidolngidool @OnefootballM Beda konteks bego","1803368762789470461","","amertabuwana","in","","0","0","0","https://x.com/Fufureya_48/status/1803368762789470461","1598762555396083712","Fufureya_48"
"1803442229572411559","Wed Jun 19 14:59:58 +0000 2024","7","@avocadisj Bego beneran ul soalnya sekarang kalo ada asupan pada trauma ","1803442608527778017","","avocadisj","in","","0","1","0","https://x.com/nilams2222/status/1803442608527778017","1686954533812064256","nilams2222"
"1803489741457002952","Wed Jun 19 18:07:16 +0000 2024","2","kenapa ya aku bego... kaya beneran bego bgt sampe mau nangis... i even regret every decision i made.... and it feels so stressful....","1803489741457002952","","","in","","0","0","0","https://x.com/cupidciu/status/1803489741457002952","1520095924076249089","cupidciu"
"1803313317345391086","Thu Jun 20 04:38:27 +0000 2024","3","@AbdulMa49444458 @AF16001 @raykairi @creepylogy_ elu bego itu idihh","1803648583033561576","","AbdulMa49444458","in","bogor is blue","0","1","0","https://x.com/mengsanss/status/1803648583033561576","1521560911873703936","mengsanss"
"1803755112525086793","Thu Jun 20 18:13:46 +0000 2024","13","@Helloimhere_99 @xopch Dulu gw kesel kalau org indo disebut indon tapi ngeliat tingkah2 lucu ga pejabat ga masyarakat apalagi belakangan ini. Gw sih uda serah deh emg bego mau disebut indon indon indon jg uda bodo amat.","1803853766128734486","","Helloimhere_99","in","","0","0","0","https://x.com/ubihisak/status/1803853766128734486","1617809849806655488","ubihisak"
"1803358679149977644","Wed Jun 19 12:30:19 +0000 2024","5","@leoNaftt @besamebenitoo @sooorise @yurrimgo byeongshin tu biasanya buat ngatain orang bisa diartiin bego/bodoh/tol0l ","1803404948325163061","","leoNaftt","in","","0","0","0","https://x.com/PotatoKentankk/status/1803404948325163061","897401262651523076","PotatoKentankk"
"1804062495247859914","Fri Jun 21 12:02:09 +0000 2024","7","@PDFinbiscuits @Ayaningie_ bener bangettt tapi fansnya udah bego malah gatau diri lagi STOP COPYING TXT FREEZE IS FOREVER #StopCopyingTXT","1804122632822169612","","PDFinbiscuits","in","she/her","0","0","1","https://x.com/choisoxobin/status/1804122632822169612","1409101962360934405","choisoxobin"
"1803442229572411559","Wed Jun 19 14:58:28 +0000 2024","206"," ini shipper pada pura pura bego apa bego beneran ya maap paul ga espekkk","1803442229572411559","","","in","","1","8","12","https://x.com/avocadisj/status/1803442229572411559","1912991828","avocadisj"
"1803932842826797291","Fri Jun 21 15:14:33 +0000 2024","5","@CaturYu28266504 @amrudinnejad_ @pasifisstate Siapa bego? Lo yah??? Ga usah di umumin juga kali ","1804171054358904894","","CaturYu28266504","in","S√£o Jo√£o da Madeira, Portugal","0","1","0","https://x.com/AntarticaSnowWW/status/1804171054358904894","1621109760266493954","AntarticaSnowWW"
"1803407499531550927","Fri Jun 21 15:41:36 +0000 2024","64","@lil_tomato0 Modelan kek lo emang keknya ga pantes di temenin deh. Baru jadi senior aja udah galak amat sama anak baru. Apalagi nanti jadi atasan. Malu bego kalo nanti anak baru itu yg naik jabatan dari lo","1804177858019180684","","lil_tomato0","in","Manchester, England","1","0","0","https://x.com/UTDhzny/status/1804177858019180684","1164381437107134464","UTDhzny"
"1803291793485857055","Thu Jun 20 06:50:33 +0000 2024","4","@aIIukaxnanika emang bego yah","1803681828341162170","","aIIukaxnanika","in","Bali, Indonesia","0","0","0","https://x.com/summerdusks_/status/1803681828341162170","1572269964","summerdusks_"
"1803985289171603520","Fri Jun 21 17:02:47 +0000 2024","26","@helmmerah Udah disuruh stop itu utk arah si penabrak. Jelas bgt. Sekarang lagi giliran arah si korban yg dikasih jalan. Emg yg nabrak aja bego. Kalo gaada lampu LL percayain org ky gt deh mereka sukarela atur jalan biar rapi. Atau kalo gamau nurutin mereka at least dipake akalnya.","1804198290902389227","","helmmerah","in","Bogor, Jawa Barat","0","0","0","https://x.com/AzmiMaulidino/status/1804198290902389227","1515168949151100928","AzmiMaulidino"
"1803781457242128556","Thu Jun 20 13:26:26 +0000 2024","4","knapa ya.... temen gua tuh yg pacaran pasti pada bego jiji bgt sumpah","1803781457242128556","","","in","","0","3","0","https://x.com/digiwoomy/status/1803781457242128556","1244708316992778240","digiwoomy"
"1803809543060861296","Thu Jun 20 15:18:02 +0000 2024","11","!upi semoga tidak terdengar bego tapi mau nanya dong.. normalnya dapet dosbing buat susun skripsi itu sebelum atau sesudah sempro sih? di prodi sender udah sempro terus sekarang lagi revisian proposal tp karena belum punya dosbing jadinya gatau mau konsul ke siapa :')","1803809543060861296","","","in","lg mejeng di partere","1","7","0","https://x.com/UPIfess/status/1803809543060861296","1084456172395016193","UPIfess"
"1803417104676212755","Wed Jun 19 13:18:38 +0000 2024","433","Kirain kemarin itu kurang beruntung ternyata bego beneran https://t.co/vAk7jmK3xk","1803417104676212755","https://pbs.twimg.com/ext_tw_video_thumb/1803364015235620864/pu/img/Cj24H5j5D0hCgjVP.jpg","","in","Ngadi King of The South","3","32","55","https://x.com/MafiaWasit/status/1803417104676212755","2794327166","MafiaWasit"
"1803429503823388766","Wed Jun 19 14:07:54 +0000 2024","9","Sepintar2nya kita nyetir kendaraan ingatlah: ada orang bego di luar sana yg bisa sewaktu-waktu berkeliaran sambil nyetir dan menjadi penyebab kecelakaan. Intinya tetap jaga kecepatan dan tetap waspada.","1803429503823388766","","","in","middle earth","0","0","1","https://x.com/jigrek/status/1803429503823388766","197675032","jigrek"
"1803321826686214171","Wed Jun 19 10:32:04 +0000 2024","13","@callmewin__ @lunox33 DIH???? TOLOL! Lo aja ngetik kaya gitu aja gak mikirin org yang udah meninggal gapernah mikirin sebelumnya dia kenapa??? Maen judge gitu bego","1803375189255946418","","callmewin__","in","MOON","1","9","0","https://x.com/gemeshamay/status/1803375189255946418","1215267806171688961","gemeshamay"
"1803271825008501015","Wed Jun 19 13:28:01 +0000 2024","7","@indrakusuma @jakulasi @ardisatriawan Kirain kalimat bego ini sudah kadaluarsa. Ternyata belum ya Pak @ardisatriawan ?","1803419467025883299","","indrakusuma","in","Indonesia","0","1","0","https://x.com/rapd_dwijayanto/status/1803419467025883299","1675108101551460358","rapd_dwijayanto"
"1803404542039797901","Thu Jun 20 01:36:40 +0000 2024","7","@ridwanhr Asli.. Kebanyakan gaya kl kata saya.. Mn cek kuota ny ga jelas.. Ga detil kek xl.. Trs kl klaim kuota bonus yg aktif cm 2 hari yg kemakan kuota utama dl.. Kan bego sm aja kuota bonus ga bs dpake.. Peak lu @Telkomsel","1803602835776610726","","ridwanhr","in","","0","1","0","https://x.com/TriW1212/status/1803602835776610726","1304936442649403393","TriW1212"
"1803313317345391086","Thu Jun 20 01:47:45 +0000 2024","16","@HariMusola @amumu_my @creepylogy_ Y customer lain bego serius lu kalo liat org ngewe di tmpt umum lu g risih?","1803605627425661352","","HariMusola","in","","0","1","1","https://x.com/WotaSepuh48/status/1803605627425661352","1711995154457145344","WotaSepuh48"
"1803444641578258637","Wed Jun 19 15:08:03 +0000 2024","93","ka kenapa ga kasih kisi kisi ke para shipper ini jd kita keliatan bego nya kan ","1803444641578258637","","","in","","0","0","0","https://x.com/avocadisj/status/1803444641578258637","1912991828","avocadisj"
"1803271825008501015","Wed Jun 19 14:01:27 +0000 2024","3","@indrakusuma @jakulasi @ardisatriawan Iyalah. Kalau gak pinter mana bisa saya membedakan pernyataan bego sumbu pendek dengan pernyataan bijak dan menyentuh akar persoalan.","1803427882070581745","","indrakusuma","in","Indonesia","0","1","0","https://x.com/rapd_dwijayanto/status/1803427882070581745","1675108101551460358","rapd_dwijayanto"
"1803318568651829356","Wed Jun 19 11:52:11 +0000 2024","5","@cardSecret27New @arya_saloka @amandamanopo Tolong donk Lo buktiin kalo uang yg Lo bilang sumbangsih lo ke Manda di pakai buat ngasih makan Arya !!! Lagian emang Manda adakah minta lo royal ke dia ? Kan atas kemauan Lo sendiri bego.!","1803395350771933369","","cardSecret27New","in","","0","0","0","https://x.com/VeniAlmeera/status/1803395350771933369","1564794054348783616","VeniAlmeera"
"1803965771888099331","Fri Jun 21 07:17:18 +0000 2024","40","@galorbie Centang biru kok bego","1804050947943075919","","galorbie","in","Australia","0","2","0","https://x.com/leplusjeun23/status/1804050947943075919","1720288588968116224","leplusjeun23"
"1803654659477029020","Thu Jun 20 07:21:40 +0000 2024","9","@ucapkanaja @Heraloebss Centang biru bego.... Gw juga kalau bawa mobil ya ga keliatan kalau ada anak disitu. Bego lu","1803689660939641183","","ucapkanaja","in","Sawah Besar, Indonesia","0","0","0","https://x.com/kebo_ijo_reborn/status/1803689660939641183","1707659882089103360","kebo_ijo_reborn"
"1803599012832092449","Thu Jun 20 03:53:21 +0000 2024","30","@18fesss Kakak ku pacaran dari umur 20 thn thn ini umur 27 padhl rencana nya mau di lamar bulan Oktober ehh cwonya meninggal kk ku kek orang bego linglung doang katanya ga bakalan nikah lagi","1803637236753375384","","18fesss","in","Pekan Baru, Riau","0","0","0","https://x.com/sugaasugarr_/status/1803637236753375384","1292450282115231744","sugaasugarr_"
"1803654898690482293","Thu Jun 20 05:03:32 +0000 2024","4","ada ya matkul dzolim baru ngasih tau perincian UAS kemarin kek emg dipikir UAS isinye mikirin dia doang? mana bukan paper mintanya infografis tapi MINIMAL 1500 KATA eh buset kata gue mah essay in aja bego sebel bgt gue","1803654898690482293","","","in","","0","2","0","https://x.com/mendoanfisipol/status/1803654898690482293","1375687029770526721","mendoanfisipol"
"1803958468665315716","Fri Jun 21 04:07:22 +0000 2024","5","@Jendra1232 @Durarara_X2 @AnshRifqi @Heraloebss lah kontol lah kontol mau dibrantas kek manapun kalo dari diri sendiri gak ada kesadaran mau gimna tolol mau bego apa pinterr sihh??","1804003148811673944","","Jendra1232","in","","0","0","0","https://x.com/_xnzxd/status/1804003148811673944","1195872352812204033","_xnzxd"
"1803444473768366567","Wed Jun 19 15:07:23 +0000 2024","1","Viralin klo hukum ga bs biqr sanksi sosial pukul ya pukul aja ga ush sampe bunuh org bego bgt","1803444473768366567","","","in","","0","0","1","https://x.com/cpsjusuf/status/1803444473768366567","91413982","cpsjusuf"
"1804157614043140213","Fri Jun 21 18:06:03 +0000 2024","10","@gastronusa Fafifu wasweswos segala mau gaslight segitu byk orang pake narasi minim tingkat literasi. Padahal semua kritiknya ga ada yg salah. Antara emang sengaja menggiring opini ke situ atau ya berarti lo aja yg nulisnya bego sampe segitu byk yg mispersepsi. Intinya mah situ yg goblok.","1804214211863810351","","gastronusa","in","Stockholm, Sweden","0","0","0","https://x.com/isenggantinama/status/1804214211863810351","150067859","isenggantinama"
"1803254175809360070","Wed Jun 19 03:53:56 +0000 2024","12","@alisyarief Aktifis bego bin dongok..menggonggong sesuai pesanan","1803274994685976642","","alisyarief","in","Jakarta - Indonesia","0","0","0","https://x.com/areev_r/status/1803274994685976642","36009942","areev_r"
"1803816172460159387","Thu Jun 20 15:44:23 +0000 2024","6","Pengen cerita gmn rasanya menjadi orang yg tidak diinginkan sepenuhnya alias bego. Ntah langkah apa yg harus di ambil cape bgt.","1803816172460159387","","","in","Cimone, Tangerang","0","1","0","https://x.com/achrif_/status/1803816172460159387","1051985324736299008","achrif_"
"1803400674551669134","Wed Jun 19 12:13:21 +0000 2024","2","tentu saja uang 5M jadian senengnya nggak seberapa wkwk aku nggak bego kali ah","1803400674551669134","","","in","Jl.Carat No.42 ","0","2","0","https://x.com/chweers_/status/1803400674551669134","1377718186334855168","chweers_"
"1803981667251687743","Fri Jun 21 03:05:13 +0000 2024","38","@bttrfley aku Sagitarius. sebenernya kalo aku ga pura pura polos dah tapi emang kadang bego ganyadar kalo ga polos jadinya ngiranya polos.","1803987508499484942","","bttrfley","in","","1","5","8","https://x.com/ItsHeeJin/status/1803987508499484942","1348690951","ItsHeeJin"
"1803585943997391197","Thu Jun 20 00:29:32 +0000 2024","10","Ya emang sbnrnya. Mknya kalo ada yg bilang sosmed a bego sosmed b pinter ya ga mungkin orgnya juga masih sama di INDONESIA wkwkwwkwk","1803585943997391197","","","in","Bekasi","0","0","3","https://x.com/jodaya_56/status/1803585943997391197","164575073","jodaya_56"
"1804109003120939020","Fri Jun 21 11:07:59 +0000 2024","554","Habib rizieq itu ngga bego tapi dia pinter berkomunikasi yg bisa dicerna rata rata orang indonesia communicating with people way below your IQ is a pretty hard skill to master something most of seculars don t have","1804109003120939020","","","in","","13","1","123","https://x.com/beeeemooooo/status/1804109003120939020","306608121","beeeemooooo"
"1803440124618834335","Thu Jun 20 17:49:01 +0000 2024","4","@Danakecek @nnseaus @gastronusa Tar tiba2 meninggal doi bingung sendiri di alam lain gue bego bet anjg ternyata ","1803847539550228739","","Danakecek","in","","0","0","1","https://x.com/guesswho1333/status/1803847539550228739","1346927992648339459","guesswho1333"
"1803825047401812363","Thu Jun 20 16:19:39 +0000 2024","2","Minimal kalo bego tuh jangan ganggu gitu.","1803825047401812363","","","in","Tortured Poets Department","0","1","0","https://x.com/dlmmla/status/1803825047401812363","924771468361154565","dlmmla"
"1803663120214249481","Thu Jun 20 05:36:12 +0000 2024","2","Yang mau-mau aja kerja 20 jam sehari mah bego.","1803663120214249481","","","in","Jakarta Capital Region","0","1","1","https://x.com/celixalexandra/status/1803663120214249481","45294666","celixalexandra"
"1804150466076643482","Fri Jun 21 14:34:34 +0000 2024","14","@teokjinni klo hp w yg dulu ga rusak bakalan w spill jg njir sayang sih rusak mana w bego bgt lg dlu kemakan kata manisnya pas pelunasan beneran kek di kuras duid. baru sadar pas album proof udh dtg totalannya hampir 2jt jingannnnn","1804160991036609016","","teokjinni","in","vkook ê§Ä üêØüê∞üîû","0","5","0","https://x.com/rosesblueeee/status/1804160991036609016","1382355704061722624","rosesblueeee"
"1803988313113792855","Fri Jun 21 03:08:24 +0000 2024","3","Lu orang kaya apa orang bego? Org kaya tuh bikin duit kerja buat dy bukan sebaliknya. Ditinggal sehari demi anak emang langsung miskin? Fix masih miskin ","1803988313113792855","","","in","Indonesia","0","2","1","https://x.com/melanieppuchino/status/1803988313113792855","515109536","melanieppuchino"
"1803438552849719777","Wed Jun 19 14:43:51 +0000 2024","13","Asli guyssss orangnya mah cakep wehhh mapan juga wkwkwkwkw Tapi agak bego dikit masalah cinta jadi minta nasehatnya ke gw mulu padahal gw jomblo wkwkwkwkkw","1803438552849719777","","","in","Soul King Palace","1","2","1","https://x.com/Raden__Ontoseno/status/1803438552849719777","1286947431490363392","Raden__Ontoseno"
"1803654659477029020","Thu Jun 20 08:04:18 +0000 2024","5","@ucapkanaja @Heraloebss Wkwk diserang blindspot Gue lebih setuju sopir bego ketimbang blindspot sgtu jauhnya ","1803700387008094692","","ucapkanaja","in","","0","3","0","https://x.com/PapiUcit/status/1803700387008094692","855533988890333184","PapiUcit"
"1803829675426185668","Fri Jun 21 07:16:14 +0000 2024","66","@todayntheday Masa agensi sebesar itu pegawainya ga ngerti itu salah sambung atau bukan kalo begitu bego banget dong pegawainya","1804050679864135974","","todayntheday","in","Bandung, Indonesia","0","1","0","https://x.com/Nitaherliyan/status/1804050679864135974","1294626117848973312","Nitaherliyan"
"1803829772444631170","Thu Jun 20 16:38:25 +0000 2024","2","Pickford aja yang bego","1803829772444631170","","","in","","0","1","1","https://x.com/BiLLYKHAERUDIN/status/1803829772444631170","49383672","BiLLYKHAERUDIN"
"1803245309621051426","Wed Jun 19 01:55:59 +0000 2024","2","Gue bego banget main gim fighting tapi dulu main Marvel vs Capcom dengan religius sama sodara sepupu yang sekarang udah Hijrah. ","1803245309621051426","","","in","Jakarta, Indonesia.","0","2","0","https://x.com/smekdoncat/status/1803245309621051426","130500843","smekdoncat"
"1803280140799291822","Wed Jun 19 05:04:41 +0000 2024","3","@id_lgk gw juga fans ronaldo karna dia legend madrid tapi sbagai fans harus realistis. umur udah mau 40 tapi pada pengen CR main seperti di mu madrid dan juve yg masih bisa sprint dan gocek¬≤ kan bego","1803292797103120422","","id_lgk","in","","0","0","0","https://x.com/ZiGut_/status/1803292797103120422","1682779132562931713","ZiGut_"
"1803254087078780949","Wed Jun 19 05:06:43 +0000 2024","7","@yzoogi @kdrama_menfess iyaa kan bego banget si kangha pengen gw jitak saking greget nya wkwk","1803293310360187110","","yzoogi","in","ISFP-T (air)","0","1","0","https://x.com/yogouz/status/1803293310360187110","1299729715930910721","yogouz"
"1803654659477029020","Thu Jun 20 08:57:15 +0000 2024","7","@ucapkanaja @Heraloebss Orang tua lalai benar kalau supir bego yg bego sih anda Coba bawa mobil ada blind spotnya.","1803713714736255027","","ucapkanaja","in","Den Haag , Netherlands","0","1","0","https://x.com/cahyoacr/status/1803713714736255027","1214492851","cahyoacr"
"1802662356243320972","Wed Jun 19 10:51:07 +0000 2024","6","@IniJamalllll @usrnamess @ririnwho @breakthroughh_1 @gilabola_ina Yg tertinggal sepak bola lo bego wkowkwowk","1803379983093735596","","IniJamalllll","in","tomorrowl‚ñ≤nd","0","2","0","https://x.com/sigadwynt/status/1803379983093735596","1175176098","sigadwynt"
"1803848375579873751","Thu Jun 20 17:52:21 +0000 2024","2","Ya kalau lagi digebukin ada fotonya yaaaaa Bego aja !!! @DivHumas_Polri @ListyoSigitP BLADUS !!! https://t.co/6gh1JGl8si","1803848375579873751","","","in","","0","3","0","https://x.com/riksayuda/status/1803848375579873751","238476548","riksayuda"
"1803042874529038658","Wed Jun 19 12:36:36 +0000 2024","2","@NenkMonica The King of Ngibul Saking seringnya Ngibul itu diatas kepalanya kalo pas dia ngomong sampe ngebul. Pendukung nya aja yg pada Bego mau2 an di kibul in selama 10 tahun. Sampe sekelas Profesor aja rela Bego demi duitnya kang kibul. Makanya dia Cawe2 buat timbul yg bawa anaknya..","1803406528336240743","","NenkMonica","in","Alam Fana","0","0","0","https://x.com/Omm3naja/status/1803406528336240743","1603550094456131585","Omm3naja"
"1803219726845497505","Thu Jun 20 12:25:27 +0000 2024","15","@daw_adt @mauuuuuboboo kalo ekonomi keluarga gak baik baik aja trus ngapain punya anak banyak bego. masa gabisa mikir ekonomi keluarga gak baik baik aja tapi punya anak terus","1803766110191591830","","daw_adt","in","indonesia","0","1","1","https://x.com/dorachicago/status/1803766110191591830","868774104773541889","dorachicago"
"1803819364891701665","Thu Jun 20 15:57:04 +0000 2024","24","TAI GUE CENGAR CENGIR MACEM BEGO","1803819364891701665","","","in","","0","0","1","https://x.com/seleneaelys/status/1803819364891701665","315740262","seleneaelys"
"1804300945846837639","Fri Jun 21 23:59:14 +0000 2024","30","@tyuniepatootie Ya mikir juga bego pas teaser fav lo release aespa udah deluan lebih lama shoot mvnya ada updatean dari staffnya. Ya logika aja bego ya kali dalam seminggu lngsung ngecopy tolol.","1804303093645054206","","tyuniepatootie","in","She/Her ‚úû","0","1","4","https://x.com/EmillaVuJae77/status/1804303093645054206","550847655","EmillaVuJae77"
"1803450789119270982","Wed Jun 19 15:32:29 +0000 2024","346","tadi istirahat makan siang quick sex sm stranger pas balik kerja aku ha he ho ditanya2 sm atasan akunya kaya orng bego ga mau lagi ga fokus d kantor","1803450789119270982","","","in","Lombok - Bali","0","12","3","https://x.com/sukamakanbabiii/status/1803450789119270982","1269661868634722305","sukamakanbabiii"
"1804000264879509805","Fri Jun 21 03:55:54 +0000 2024","1","One of nyebelin moment terlepas dari anggota DPR yg tai ini plis kalo udh tau mau masuk toll disiapin segala2nya sebelum berangkat kan bisa ya? Cek saldo juga bisa via mbanking. Udh praktis. Masa iya masih aja bego :)","1804000264879509805","","","in","Jakarta Capital Region","0","3","0","https://x.com/trimasgetir_/status/1804000264879509805","1034794791643430912","trimasgetir_"
"1803824993819668523","Thu Jun 20 16:19:26 +0000 2024","39","Ceramah ustad Abdul Somad Ilmunya seperti ulama Tonton sampai habis biar ga bego seperti 02 https://t.co/bwPzsKQJu5","1803824993819668523","https://pbs.twimg.com/ext_tw_video_thumb/1803824956754845696/pu/img/x94aMKAA3cVNKlXp.jpg","","in","Lisboa, Portugal","0","2","8","https://x.com/opposite6892/status/1803824993819668523","1558329561783607296","opposite6892"
"1803958468665315716","Fri Jun 21 01:54:25 +0000 2024","215","@AnshRifqi @Heraloebss Pemerintah ngapain? Blok server muncul ribuan lagi peringatan via SMS by KOMINFO udh edukasi berbagai instansi di daerah2 udh razia by police ga ngaruh banner¬≤ stop judi udh dimana-mana juga. Memang balik lg ke individunya. Mau bego apa mau pintar?","1803969692828340369","","AnshRifqi","in","","2","31","24","https://x.com/Durarara_X2/status/1803969692828340369","1376732727756562437","Durarara_X2"
"1803636620387668321","Thu Jun 20 03:50:54 +0000 2024","3","Kuliat-liat sekerolan riplei si spora bego @H1m4_W4r1 buzzer receh BUMN yang pesen gofood aja gak paham caranya kok belon kesurupan. Apa masih belajar instal aplikasi milik mas menteri?","1803636620387668321","","","in","DKI Djakarta","0","2","2","https://x.com/SangGuru2471/status/1803636620387668321","728949641421553665","SangGuru2471"
"1804003642892238935","Fri Jun 21 06:08:46 +0000 2024","7","@alsangkily @jokowi Itu nyawa korban judi slot yang pada gantung diri biar Lu ynlang tanggung ya Bego !!!","1804033700419571989","","alsangkily","in","Bermuda Triangle","0","2","0","https://x.com/StefanAntonio__/status/1804033700419571989","1529491450605768704","StefanAntonio__"
"1803724084766998892","Thu Jun 20 15:32:30 +0000 2024","646","@BosPurwa Yang milih dia orang bego sih wkwkwkwkw","1803813184110784559","","BosPurwa","in","Indonesia","0","8","5","https://x.com/Oktapatnam46/status/1803813184110784559","884134286","Oktapatnam46"
"1803460042592833556","Wed Jun 19 16:09:15 +0000 2024","3","Panitia dan Petugas SNBT di UI ini bnr2 bego.. krn bego shg merugikan peseeta yg difabel. Terkadang kebego an itu sdh merugikan diri sendiri jg bs merugikan org lain","1803460042592833556","","","in","Semarang, Indonesia","0","0","0","https://x.com/syahirularif/status/1803460042592833556","112049860","syahirularif"
"1803329620474782105","Wed Jun 19 22:02:39 +0000 2024","9","@abwnewsco kwalitas &amp; reputasi anies yg omong jago kerja bego emang blm ada yg menandingi","1803548980061806996","","abwnewsco","in","","0","2","3","https://x.com/yudiwibowo976/status/1803548980061806996","1613778783760416768","yudiwibowo976"
"1803403653891686480","Wed Jun 19 12:25:11 +0000 2024","37","Warga perlu tahu ga semua orang menyatakan opini jelek bawa gagasan jelek dan bikin kebijakan jelek karena bego. Ada juga yang jahat. Tapi ya kita kan udah ketipu dua periode hehe masuk akal lah nambah dua periode lagi.","1803403653891686480","","","in","","0","0","6","https://x.com/hnf1798114971/status/1803403653891686480","230376445","hnf1798114971"
"1804046747842621665","Fri Jun 21 10:51:02 +0000 2024","28","@Indiraise_ID Atas kesalahan dia biar ga kaya yang kemaren udh ngelakuin kesalahan 2 kali bener bener 2 kali sat fansnya sendiri di bego begoin 3 tahun padahal udh di support balesnya ke fans malah kek.... Ah sudahlah kesal saya","1804104737702449575","","MAMMGITA","in","","0","2","2","https://x.com/MAMMGITA/status/1804104737702449575","1693142912966819840","MAMMGITA"
"1803400971705561094","Wed Jun 19 12:44:34 +0000 2024","27","@hazumidayo Nih @Jenachwan udah humble cangtip baik hati (bego dikit) tajir melintir melebihi adel (jangan diporotin ya kak soalnya dia bulol)","1803408534077579426","","hazumidayo","in","DKI Jakarta, Indonesia","0","2","0","https://x.com/Lauttshan/status/1803408534077579426","1736713769697554432","Lauttshan"
"1803724084766998892","Thu Jun 20 20:42:21 +0000 2024","25","@Oktapatnam46 @BosPurwa Lebih bego yg usung ","1803891160123084805","","Oktapatnam46","in","Pekan Baru, Riau","0","1","1","https://x.com/Walhiday4t/status/1803891160123084805","1750432698873901056","Walhiday4t"
"1803306220360773990","Wed Jun 19 05:58:01 +0000 2024","3","Sering kali. Bego emang gw.","1803306220360773990","","","in","","1","0","0","https://x.com/aitneserk/status/1803306220360773990","173447449","aitneserk"
"1803353695243133103","Wed Jun 19 09:06:40 +0000 2024","0","Orang Indonesia: Tinggalnya di mana? Orang Vietnam: Sa Pa Orang Indonesia: Ya kamu. Tinggalnya di mana? Orang Vietnam: Sa Paaaa Orang Indonesia: Ih ini orang bego apa bolot sih. Kamu! Tinggalnya di mana? Orang Vietnam: Saaaa Paaaaa Orang Indonesia: Capek banget nanya ke dia gobl","1803353695243133103","","","in","The Grey-Area, Indonesia","0","0","0","https://x.com/mericahitam/status/1803353695243133103","67899293","mericahitam"
